gas_id,model,budget,strategy,n_temporal_windows,nrmse_median,nrmse_q1,nrmse_q3,mae_median,mae_q1,mae_q3,delta_nrmse_median,delta_nrmse_q1,delta_nrmse_q3,calibration_slope_median,recovered_loss_median,recovered_loss_q1,recovered_loss_q3,recovered_loss_min,recovered_loss_max,oracle_denominator_median,oracle_denominator_min,oracle_denominator_max,n_recovered_loss_abs_gt_5
Diacetyl,pls,0,frozen,4,0.3067139576241159,0.18614699238080795,0.42536526724792445,0.2168964371349976,0.1363398888948469,0.29589738006249533,0.0,0.0,0.0,1.3735305599713887,0.0,0.0,0.0,0.0,0.0,0.13255007417696524,0.028498662641814998,0.30148417601327226,0
Diacetyl,pls,0,calibrator_update,4,0.3067139576241159,0.18614699238080795,0.42536526724792445,0.2168964371349976,0.1363398888948469,0.29589738006249533,0.0,0.0,0.0,1.3735305599713887,0.0,0.0,0.0,0.0,0.0,0.13255007417696524,0.028498662641814998,0.30148417601327226,0
Diacetyl,pls,0,full_retrain,4,0.30671395762411574,0.18614699238080779,0.4253652672479243,0.21689643713499746,0.13633988889484683,0.2958973800624952,-1.3877787807814457e-16,-1.734723475976807e-16,-8.326672684688674e-17,1.3735305599713883,8.863647279804291e-16,7.37197620030416e-16,1.2206380075776296e-15,5.523787546529214e-16,1.9607753878966865e-15,0.13255007417696524,0.028498662641814998,0.30148417601327226,0
Diacetyl,pls,2,frozen,4,0.3067139576241159,0.18614699238080795,0.42536526724792445,0.2168964371349976,0.1363398888948469,0.29589738006249533,0.0,0.0,0.0,1.3735305599713887,0.0,0.0,0.0,0.0,0.0,0.13255007417696524,0.028498662641814998,0.30148417601327226,0
Diacetyl,pls,2,calibrator_update,4,0.46992925575636557,0.24967293871227458,1.3623378172065561,0.35695553061753216,0.17972196742660138,1.0328409352713925,0.171095759008769,0.071406407207986,0.9369725499586317,0.6576606076850708,-1.9619145908096103,-4.426937656357287,-1.2230598266033819,-9.776153421036922,-1.0523489659480914,0.13255007417696524,0.028498662641814998,0.30148417601327226,1
Diacetyl,pls,2,full_retrain,4,0.2508835264173989,0.18436016380494505,0.3136375213076336,0.17601227627003874,0.13326624421418581,0.2148759576952928,-0.043571619254120494,-0.0924927819697341,-0.008762980593823105,1.215789701708541,0.39455696966732107,0.2619126260384586,0.44289411522244565,-0.0300458918756874,0.4819310389153781,0.13255007417696524,0.028498662641814998,0.30148417601327226,0
Diacetyl,pls,5,frozen,4,0.3067139576241159,0.18614699238080795,0.42536526724792445,0.2168964371349976,0.1363398888948469,0.29589738006249533,0.0,0.0,0.0,1.3735305599713887,0.0,0.0,0.0,0.0,0.0,0.13255007417696524,0.028498662641814998,0.30148417601327226,0
Diacetyl,pls,5,calibrator_update,4,0.24828618640877081,0.2034027389554359,0.2898512069447688,0.17671175728708927,0.1399448014824995,0.21289320860789585,-0.06288371787955276,-0.17267540774632376,0.049961147353588455,0.7961307959289451,-0.3398306185058442,-1.3336019276752675,0.6503764136107755,-1.7004286799041526,1.0065103346812494,0.13255007417696524,0.028498662641814998,0.30148417601327226,0
Diacetyl,pls,5,full_retrain,4,0.23207044591493087,0.17803492835724927,0.2777580556687112,0.1618726112530414,0.12734826950177341,0.19024382521478703,-0.07154177991995264,-0.14015127986667142,-0.01246626394686804,1.1745513004112065,0.5476158829899744,0.4115742556759978,0.5900749605324549,0.1048179618195323,0.616083605074432,0.13255007417696524,0.028498662641814998,0.30148417601327226,0
Diacetyl,pls,10,frozen,4,0.3067139576241159,0.18614699238080795,0.42536526724792445,0.2168964371349976,0.1363398888948469,0.29589738006249533,0.0,0.0,0.0,1.3735305599713887,0.0,0.0,0.0,0.0,0.0,0.13255007417696524,0.028498662641814998,0.30148417601327226,0
Diacetyl,pls,10,calibrator_update,4,0.19315332257419315,0.16835236214248095,0.21313600265565263,0.1393996598249651,0.12124306862809704,0.15243349371949277,-0.11936588451142925,-0.19887500644648687,-0.03695413784561841,0.9029586972663629,0.8437623215345602,0.5144001942897581,1.1957254027572128,0.1450837099435384,1.632844749036984,0.13255007417696524,0.028498662641814998,0.30148417601327226,0
Diacetyl,pls,10,full_retrain,4,0.1931637844200233,0.15646542197661506,0.22547648522339742,0.13517041459600995,0.11192540000813983,0.1540315903522596,-0.10442599420314959,-0.19076460302358397,-0.0296815704041929,1.0772260639719533,0.8062217409243623,0.7034408671874677,0.876491811785785,0.5410051225340726,0.941395147812764,0.13255007417696524,0.028498662641814998,0.30148417601327226,0
Diacetyl,pls,20,frozen,4,0.3067139576241159,0.18614699238080795,0.42536526724792445,0.2168964371349976,0.1363398888948469,0.29589738006249533,0.0,0.0,0.0,1.3735305599713887,0.0,0.0,0.0,0.0,0.0,0.13255007417696524,0.028498662641814998,0.30148417601327226,0
Diacetyl,pls,20,calibrator_update,4,0.1752872986191969,0.15561392058136755,0.1982698992054736,0.13126577949415494,0.1156389133182864,0.14569216016046643,-0.12125080934606329,-0.21691951838359508,-0.03053307179944039,0.9275430258481132,0.8797992684353287,0.6623884742058688,1.0711529047972232,0.5416662157316314,1.1137036896687638,0.13255007417696524,0.028498662641814998,0.30148417601327226,0
Diacetyl,pls,20,full_retrain,4,0.15200896505139125,0.1408423370097007,0.17373999399612894,0.10871972539964585,0.09980994716396133,0.11987340424340705,-0.12498263852245699,-0.2219029192015278,-0.04530465537110724,1.0298567826090315,0.9590846999996465,0.940878807246607,0.9725150462818917,0.8990672141161155,1.0,0.13255007417696524,0.028498662641814998,0.30148417601327226,0
Diacetyl,pls,50,frozen,4,0.3067139576241159,0.18614699238080795,0.42536526724792445,0.2168964371349976,0.1363398888948469,0.29589738006249533,0.0,0.0,0.0,1.3735305599713887,0.0,0.0,0.0,0.0,0.0,0.13255007417696524,0.028498662641814998,0.30148417601327226,0
Diacetyl,pls,50,calibrator_update,4,0.17132976648466824,0.1488214106291022,0.19842157315508677,0.1284799216480515,0.11165610168464332,0.1441827876498705,-0.12718822491595866,-0.21874772786934862,-0.03732558175170575,0.9505196577680308,0.8844730646535965,0.7093868888412147,1.069783920012481,0.7016170969634081,1.1082277505297946,0.13255007417696524,0.028498662641814998,0.30148417601327226,0
Diacetyl,pls,50,full_retrain,4,0.14362728977185074,0.13655610271485677,0.16309874230935598,0.10247086113240325,0.09686658591557387,0.1122255451349576,-0.13255007417696524,-0.23172993126326852,-0.04959088966595117,1.0406532964864312,1.0,1.0,1.0,1.0,1.0,0.13255007417696524,0.028498662641814998,0.30148417601327226,0
Diacetyl,random_forest,0,frozen,4,0.13218096021725406,0.07004846836752845,0.17715573015161643,0.08362500000000035,0.03243750000000015,0.1291875000000005,0.0,0.0,0.0,1.2150849824710628,0.0,0.0,4.4221068403827015e-17,0.0,1.7688427361530806e-16,0.12303206704056871,0.0020412414523194,0.1709322117106563,0
Diacetyl,random_forest,0,calibrator_update,4,0.132180960217254,0.07004846836752845,0.17715573015161637,0.08362500000000035,0.03243750000000015,0.1291875000000005,0.0,-2.7755575615628914e-17,2.0816681711721685e-17,1.2150849824710628,0.0,-1.2178325842386521e-16,1.7688427361530806e-16,-4.871330336954609e-16,7.075370944612322e-16,0.12303206704056871,0.0020412414523194,0.1709322117106563,0
Diacetyl,random_forest,0,full_retrain,4,0.132180960217254,0.07004846836752845,0.17715573015161634,0.0836250000000003,0.03243750000000015,0.12918750000000045,0.0,-2.7755575615628914e-17,0.0,1.2150849824710628,0.0,-4.0594419474621734e-17,1.7688427361530806e-16,-1.6237767789848694e-16,7.075370944612322e-16,0.12303206704056871,0.0020412414523194,0.1709322117106563,0
Diacetyl,random_forest,2,frozen,4,0.132180960217254,0.07004846836752837,0.17715573015161643,0.0836250000000003,0.03243750000000008,0.1291875000000005,0.0,-2.42861286636753e-17,0.0,1.2150849824710628,8.844213680765403e-17,0.0,4.829143535855311e-16,0.0,1.4010045934962002e-15,0.12303206704056871,0.0020412414523194,0.1709322117106563,0
Diacetyl,random_forest,2,calibrator_update,4,0.0752686215278428,0.04947782247327917,0.088090442589376,0.03747582205029025,0.026289490651192876,0.04658371691599553,-0.04251082843011716,-0.09626604269188749,0.001031619494691871,1.0440510239258471,0.2689992574480395,-0.22091537005842352,0.5968209363333843,-0.8569970957031529,0.7466238161147587,0.12303206704056871,0.0020412414523194,0.1709322117106563,0
Diacetyl,random_forest,2,full_retrain,4,0.08426342384718055,0.063072779144291,0.09685727902361703,0.05118750000000015,0.02971875000000007,0.07050000000000024,-0.0235766248227662,-0.05722773778904058,-0.005705491014888975,1.113098316082079,0.4447729039034509,0.211694458457387,0.7248896817500234,0.0776991374089358,1.0,0.12303206704056871,0.0020412414523194,0.1709322117106563,0
Diacetyl,random_forest,5,frozen,4,0.13218096021725412,0.07004846836752852,0.17715573015161643,0.0836250000000004,0.03243750000000015,0.1291875000000006,0.0,0.0,2.42861286636753e-17,1.2150849824710628,0.0,-7.783358852756667e-17,0.0,-3.113343541102667e-16,0.0,0.12303206704056877,0.0020412414523194,0.1709322117106563,0
Diacetyl,random_forest,5,calibrator_update,4,0.06950427433334484,0.04316179409162545,0.0850591632863293,0.0350601856157912,0.022126291278273324,0.044490019283025053,-0.045244280876736605,-0.10111644535610036,-0.00043439077791717403,1.0018216481783422,0.4667753999315817,0.26984643551584464,0.6267401708690473,-0.0053464403623609,0.7910404663124389,0.12303206704056877,0.0020412414523194,0.1709322117106563,0
Diacetyl,random_forest,5,full_retrain,4,0.0600289366229511,0.040137479073448404,0.06894268128690455,0.03412500000000015,0.025500000000000075,0.037031250000000196,-0.06151724594218906,-0.11353043769076883,-0.013958822815909207,1.0717264321141695,0.7409523130061393,0.5526450329725346,0.8590674346809111,0.201135992576947,1.0,0.12303206704056877,0.0020412414523194,0.1709322117106563,0
Diacetyl,random_forest,10,frozen,4,0.13218096021725406,0.07004846836752845,0.17715573015161645,0.08362500000000035,0.03243750000000015,0.1291875000000005,0.0,0.0,4.85722573273506e-17,1.2150849824710628,0.0,-2.841609363223523e-16,4.4221068403827015e-17,-1.1366437452894092e-15,1.7688427361530806e-16,0.12303206704056871,0.0020412414523194,0.1709322117106562,0
Diacetyl,random_forest,10,calibrator_update,4,0.06843165405844195,0.04532223034238795,0.07999797709269091,0.03523606681250905,0.02317177590461355,0.0431425874928464,-0.049744523232492656,-0.10416014452208522,-0.003719063635661331,1.0158942938887723,0.4746390413486462,0.2722560389222215,0.6465123899289809,0.0529865770725707,0.7742528902403614,0.12303206704056871,0.0020412414523194,0.1709322117106562,0
Diacetyl,random_forest,10,full_retrain,4,0.03512091398348545,0.017320508075688912,0.05209250707059038,0.017062500000000102,0.010125000000000084,0.0225937500000001,-0.084805643086659,-0.1456832443713808,-0.01985353585437514,1.0354112407249887,0.8982027997725961,0.7044427695894337,1.2132777138539532,0.2816651351379819,1.999999999999989,0.12303206704056871,0.0020412414523194,0.1709322117106562,0
Diacetyl,random_forest,20,frozen,4,0.132180960217254,0.07004846836752837,0.1771557301516164,0.0836250000000003,0.03243750000000008,0.1291875000000005,-4.85722573273506e-17,-1.0061396160665481e-16,0.0,1.2150849824710628,4.131974926046279e-16,1.3266320521148105e-16,7.984673878057276e-16,0.0,1.2453374164410671e-15,0.12303206704056871,0.0020412414523194,0.1709322117106563,0
Diacetyl,random_forest,20,calibrator_update,4,0.0682234052576941,0.044987848075489126,0.0793992843287227,0.035827420398676896,0.023681471708199873,0.04329421401047397,-0.050960206903905056,-0.10425511985072118,-0.005564598208556978,1.0132901959333576,0.48269879289765294,0.29130260162073157,0.6470608487577594,0.0804644803423632,0.7767965637856833,0.12303206704056871,0.0020412414523194,0.1709322117106563,0
Diacetyl,random_forest,20,full_retrain,4,0.03188569268405625,0.0144156825263843,0.0457211628084197,0.0118125000000001,0.006656250000000075,0.015843750000000073,-0.0956314035619879,-0.14825931904560175,-0.03414417016752923,1.023170422546663,0.9183196846520172,0.768194426270701,0.9850421277333602,0.5030281081041444,0.9999999999999968,0.12303206704056871,0.0020412414523194,0.1709322117106563,0
Diacetyl,random_forest,50,frozen,4,0.132180960217254,0.07004846836752845,0.17715573015161637,0.0836250000000003,0.03243750000000015,0.12918750000000045,0.0,-2.7755575615628914e-17,2.0816681711721685e-17,1.2150849824710628,-2.335007655827002e-16,-4.720344067979155e-16,1.3266320521148105e-16,-4.871330336954609e-16,5.306528208459242e-16,0.12303206704056877,0.0020412414523194,0.1709322117106563,0
Diacetyl,random_forest,50,calibrator_update,4,0.0661165135043348,0.0431740623401988,0.07652260747875303,0.039160670623035354,0.02270587195047875,0.04889988352661175,-0.0549181580775129,-0.1039856830076022,-0.012375557057184499,1.0056829306239594,0.47898536409133574,0.31676878186231044,0.6450277524222809,0.1823292013086751,0.7909447512816761,0.12303206704056877,0.0020412414523194,0.1709322117106563,0
Diacetyl,random_forest,50,full_retrain,4,0.0091488931766853,0.0026753738725408998,0.016737360795006925,0.003375,0.00075,0.0061875,-0.12303206704056877,-0.16041836935660952,-0.06737309449498756,1.007185683468853,1.0,1.0,1.0,1.0,1.0,0.12303206704056877,0.0020412414523194,0.1709322117106563,0
Diacetyl,xgboost,0,frozen,4,0.25459590645652513,0.05606401109135904,0.4628088273994436,0.1386455180589109,0.03231188997160635,0.262881990460058,0.0,0.0,0.0,1.0240738645779288,0.0,0.0,0.0,0.0,0.0,0.2507763460206193,0.0028423292017759,0.5440006777034939,0
Diacetyl,xgboost,0,calibrator_update,4,0.25459590645652513,0.05606401109135904,0.4628088273994436,0.1386455180589109,0.03231188997160635,0.262881990460058,0.0,0.0,0.0,1.0240738645779288,0.0,0.0,0.0,0.0,0.0,0.2507763460206193,0.0028423292017759,0.5440006777034939,0
Diacetyl,xgboost,0,full_retrain,4,0.25459590645652513,0.05606401109135904,0.4628088273994436,0.1386455180589109,0.03231188997160635,0.262881990460058,0.0,0.0,0.0,1.0240738645779288,0.0,0.0,0.0,0.0,0.0,0.2507763460206193,0.0028423292017759,0.5440006777034939,0
Diacetyl,xgboost,2,frozen,4,0.25459590645652513,0.05606401109135904,0.4628088273994436,0.1386455180589109,0.03231188997160635,0.262881990460058,0.0,0.0,0.0,1.0240738645779288,0.0,0.0,0.0,0.0,0.0,0.2507763460206193,0.0028423292017759,0.5440006777034939,0
Diacetyl,xgboost,2,calibrator_update,4,0.193922043374361,0.05188898854943108,0.4318900094665197,0.09140147638768185,0.0331850361949075,0.19566334490786128,0.0003295052586601531,-0.06178137985442894,0.0876909077204013,0.8216773805372738,-0.3102560195121524,-1.381049829792134,0.19588533143468784,-3.2855310546018104,0.4064091782449402,0.2507763460206193,0.0028423292017759,0.5440006777034939,0
Diacetyl,xgboost,2,full_retrain,4,0.0707337985623878,0.04508413694233875,0.1673737250777718,0.039270273130387,0.021421073920403877,0.09302471810951822,-0.012167796914200966,-0.12580904264851925,-0.008911622842236505,1.004918568617691,0.5232815380533572,0.15338876575778765,0.9262306978535921,0.024945067869849,1.1538435582555266,0.2507763460206193,0.0028423292017759,0.5440006777034939,0
Diacetyl,xgboost,5,frozen,4,0.25459590645652513,0.05606401109135904,0.4628088273994436,0.1386455180589109,0.03231188997160635,0.262881990460058,0.0,0.0,0.0,1.0240738645779288,0.0,0.0,0.0,0.0,0.0,0.2507763460206193,0.0028423292017759,0.5440006777034939,0
Diacetyl,xgboost,5,calibrator_update,4,0.13520071117936855,0.04561037058521038,0.38634165242738566,0.09684220701600316,0.030124709966258274,0.22413563113764073,-0.005977071508065446,-0.09426737553278307,0.1207646838236676,1.0099150834462474,-0.41540477186206476,-1.0593472866629465,0.3148833435756373,-1.0962331332229545,0.6108059920461062,0.2507763460206193,0.0028423292017759,0.5440006777034939,0
Diacetyl,xgboost,5,full_retrain,4,0.0897183891082523,0.04377793514721362,0.1240569984213007,0.04324384393791355,0.015862968998650702,0.06831812420859928,-0.16002871659594986,-0.33390302822581996,-0.012286075944145424,1.0678239649699974,0.7202069023242532,0.5845934194809913,0.7466639315447998,0.2271524709444726,0.776635519213173,0.2507763460206193,0.0028423292017759,0.5440006777034939,0
Diacetyl,xgboost,10,frozen,4,0.25459590645652513,0.05606401109135904,0.4628088273994436,0.1386455180589109,0.03231188997160635,0.262881990460058,0.0,0.0,0.0,1.0240738645779288,0.0,0.0,0.0,0.0,0.0,0.2507763460206193,0.0028423292017759,0.5440006777034939,0
Diacetyl,xgboost,10,calibrator_update,4,0.13280960989626556,0.0472754554403158,0.24272142054172377,0.0993029889651104,0.0294845307928246,0.19858274526678227,-0.044974649599368845,-0.1432757598968291,-0.008788555651043247,1.0176898526282245,0.17813425503498695,0.00939865182420141,0.2910115225714405,-0.4918097341722061,0.624644901544852,0.2507763460206193,0.0028423292017759,0.5440006777034939,0
Diacetyl,xgboost,10,full_retrain,4,0.019574528422263197,0.002385683290387025,0.041801668950233795,0.00898482035845515,0.0011528094920019,0.017674843998004952,-0.20766354297394235,-0.43477847511562423,-0.012549176074238048,1.013144723311813,0.6926224892834687,0.40598125482780406,0.9410380585856719,0.2359936309768035,0.9963486869762878,0.2507763460206193,0.0028423292017759,0.5440006777034939,0
Diacetyl,xgboost,20,frozen,4,0.25459590645652513,0.05606401109135904,0.4628088273994436,0.1386455180589109,0.03231188997160635,0.262881990460058,0.0,0.0,0.0,1.0240738645779288,0.0,0.0,0.0,0.0,0.0,0.2507763460206193,0.0028423292017759,0.5440006777034939,0
Diacetyl,xgboost,20,calibrator_update,4,0.13287000708296104,0.047263339469221774,0.24290931699360047,0.09822868417703134,0.029165213834660926,0.19586811768774676,-0.04463983875500941,-0.1428134497872885,-0.008800671622137272,1.01441509451272,0.17693350317016193,0.03139822561487793,0.28994862426999346,-0.4007653416882928,0.6245517222068067,0.2507763460206193,0.0028423292017759,0.5440006777034939,0
Diacetyl,xgboost,20,full_retrain,4,0.011351184916874701,0.0007410674780435,0.030675870644276702,0.0034372197464108,0.00044151265174148275,0.0097946456012626,-0.21499579580514735,-0.44646709134094875,-0.012739883293030595,1.0048699032632826,0.9785480344341846,0.7758977191322071,1.0000046492588053,0.2323026699237207,1.0000185970352211,0.2507763460206193,0.0028423292017759,0.5440006777034939,0
Diacetyl,xgboost,50,frozen,4,0.25459590645652513,0.05606401109135904,0.4628088273994436,0.1386455180589109,0.03231188997160635,0.262881990460058,0.0,0.0,0.0,1.0240738645779288,0.0,0.0,0.0,0.0,0.0,0.2507763460206193,0.0028423292017759,0.5440006777034939,0
Diacetyl,xgboost,50,calibrator_update,4,0.1301704631512246,0.044455353759940405,0.24316366956952776,0.09960150733921636,0.03117338563912065,0.19810825836625556,-0.04352046369936245,-0.13874017822397777,-0.011608657331418646,0.9940105605876273,0.19713026339822437,0.023244892538025197,0.3291577157293214,-0.4007653416882928,0.627594194368333,0.2507763460206193,0.0028423292017759,0.5440006777034939,0
Diacetyl,xgboost,50,full_retrain,4,0.0020730198805457,0.0007435966779844,0.003507430500211725,0.0009306207299232001,0.000435842666774966,0.0014657335666318,-0.2507763460206193,-0.46038180969550135,-0.05249346106174503,1.0006106700297765,1.0,1.0,1.0,1.0,1.0,0.2507763460206193,0.0028423292017759,0.5440006777034939,0
Phenylethanol,pls,0,frozen,4,0.7417367978975409,0.6194272241208675,0.8541337764373442,497.10042232613296,424.0658216428376,560.614462427127,0.0,0.0,0.0,0.9251895181394922,0.0,0.0,0.0,0.0,0.0,0.239944423279616,0.11945915758849068,0.3455378143893406,0
Phenylethanol,pls,0,calibrator_update,4,0.7417367978975409,0.6194272241208675,0.8541337764373442,497.10042232613296,424.0658216428376,560.614462427127,0.0,0.0,0.0,0.9251895181394922,0.0,0.0,0.0,0.0,0.0,0.239944423279616,0.11945915758849068,0.3455378143893406,0
Phenylethanol,pls,0,full_retrain,4,0.7417367978975409,0.6194272241208675,0.8541337764373444,497.1004223261332,424.0658216428377,560.6144624271273,5.551115123125783e-17,0.0,1.3877787807814457e-16,0.9251895181394914,-1.6065145092545406e-16,-3.286126228634699e-16,0.0,-3.505417859011552e-16,0.0,0.239944423279616,0.11945915758849068,0.3455378143893406,0
Phenylethanol,pls,2,frozen,4,0.7417367978975409,0.6194272241208675,0.8541337764373442,497.10042232613296,424.0658216428376,560.614462427127,0.0,0.0,0.0,0.9251895181394922,0.0,0.0,0.0,0.0,0.0,0.239944423279616,0.11945915758849068,0.3455378143893406,0
Phenylethanol,pls,2,calibrator_update,4,1.5524494678158711,0.9300220085950227,13.360567657265651,1095.802254502467,696.8920742353162,8324.130583942535,0.7908757809580467,0.32950775432278157,12.467684022019398,-0.1999757159073468,-3.2170829611233005,-39.11998617373646,-2.5894981617517034,-145.6899187911355,-1.8455207840773455,0.239944423279616,0.11945915758849068,0.3455378143893406,1
Phenylethanol,pls,2,full_retrain,4,0.6458420350543375,0.5486978922391839,0.7147136452145243,418.2838435281876,372.7122206013116,449.3914241762865,-0.11769490354951637,-0.13942013122282,-0.09252947258799667,0.9505216067228641,0.4424530388547385,0.404154119938937,0.5676448591536667,0.3666625793263493,0.8658151039156343,0.239944423279616,0.11945915758849068,0.3455378143893406,0
Phenylethanol,pls,5,frozen,4,0.7417367978975409,0.6194272241208675,0.8541337764373442,497.10042232613296,424.0658216428376,560.614462427127,0.0,0.0,0.0,0.9251895181394922,0.0,0.0,0.0,0.0,0.0,0.239944423279616,0.11945915758849068,0.3455378143893406,0
Phenylethanol,pls,5,calibrator_update,4,0.63362076545433,0.508740632900395,0.7559304471472951,441.9327567980255,376.1910153770917,503.90930486801767,-0.1597697176611641,-0.20004876011721753,-0.060494845611257425,0.1917265123065048,0.7200515183907734,-0.1461743532524693,0.9845873040724268,-1.97565585381121,1.0089985467463998,0.239944423279616,0.11945915758849068,0.3455378143893406,0
Phenylethanol,pls,5,full_retrain,4,0.6075907816066668,0.5244561539161953,0.6693888467526028,390.8676552530259,355.7333659837335,421.0554171271506,-0.1507436996183323,-0.18474492968474146,-0.11156875353213037,1.0414030173916173,0.5676190526228776,0.5541361490045178,0.6809395019487225,0.5311692315913392,1.003419056484357,0.239944423279616,0.11945915758849068,0.3455378143893406,0
Phenylethanol,pls,10,frozen,4,0.7417367978975409,0.6194272241208675,0.8541337764373442,497.10042232613296,424.0658216428376,560.614462427127,0.0,0.0,0.0,0.9251895181394922,0.0,0.0,0.0,0.0,0.0,0.239944423279616,0.11945915758849068,0.3455378143893406,0
Phenylethanol,pls,10,calibrator_update,4,0.5249910106851257,0.4917061397067577,0.5516275576888514,384.7863962289167,351.01742750066285,421.84356028253364,-0.2592625850255996,-0.34116923782399433,-0.1315748631517928,0.10192312185439889,1.0525814881821516,0.7301604203836121,1.0734936298228521,-0.2328303382842595,1.1319576100172066,0.239944423279616,0.11945915758849068,0.3455378143893406,0
Phenylethanol,pls,10,full_retrain,4,0.5320841369645684,0.47598845471860196,0.5824911394999726,359.59442406963024,330.66128364932536,388.91335851141133,-0.20601576994638054,-0.26800574595077975,-0.14343876940226546,0.7718901435063615,0.8786149025240608,0.8401585817136787,0.9554343461596777,0.7703564975309846,1.1403257988180764,0.239944423279616,0.11945915758849068,0.3455378143893406,0
Phenylethanol,pls,20,frozen,4,0.7417367978975409,0.6194272241208675,0.8541337764373442,497.10042232613296,424.0658216428376,560.614462427127,0.0,0.0,0.0,0.9251895181394922,0.0,0.0,0.0,0.0,0.0,0.239944423279616,0.11945915758849068,0.3455378143893406,0
Phenylethanol,pls,20,calibrator_update,4,0.507876303130723,0.49572105436477515,0.5127998036862974,384.7452269132357,361.3132050878465,407.3523257076431,-0.25375413796811996,-0.3479592542469373,-0.136974531461504,-0.09122781851340242,1.0629688197499711,0.8248641831444585,1.0978324045272436,0.1613228581601245,1.1516505740268566,0.239944423279616,0.11945915758849068,0.3455378143893406,0
Phenylethanol,pls,20,full_retrain,4,0.5056301109150065,0.46243989772009275,0.5474262690182246,355.43833690992193,325.26649108483934,389.6530179411611,-0.23144001827352714,-0.30204083871011256,-0.15698732640077467,0.7225927707070501,0.9878827325180819,0.9486654196650217,1.0397051005198534,0.8673652835515956,1.158820402079414,0.239944423279616,0.11945915758849068,0.3455378143893406,0
Phenylethanol,pls,50,frozen,4,0.7417367978975409,0.6194272241208675,0.8541337764373442,497.10042232613296,424.0658216428376,560.614462427127,0.0,0.0,0.0,0.9251895181394922,0.0,0.0,0.0,0.0,0.0,0.239944423279616,0.11945915758849068,0.3455378143893406,0
Phenylethanol,pls,50,calibrator_update,4,0.4856161931178209,0.4671446622578866,0.49885772136698187,358.079973483186,352.65800639080396,371.8604850957556,-0.25585819239961494,-0.3550136426902574,-0.15228256186298086,2.2582182901779744,1.0696121606075302,0.9629736641432782,1.1091142574352006,0.6739007370100489,1.196777985658685,0.239944423279616,0.11945915758849068,0.3455378143893406,0
Phenylethanol,pls,50,full_retrain,4,0.5017923746179248,0.46718303558016083,0.5302120870641691,355.532779397244,327.7431562461786,380.3182435676014,-0.239944423279616,-0.32392168937317517,-0.15224418854070665,0.8208474113383619,1.0,1.0,1.0,1.0,1.0,0.239944423279616,0.11945915758849068,0.3455378143893406,0
Phenylethanol,random_forest,0,frozen,4,0.48960337256435044,0.46898076692999396,0.516213238144783,383.83333333333337,365.33333333333337,399.25,0.0,0.0,0.0,1.0985792158587813,0.0,0.0,0.0,0.0,0.0,0.08277816975327065,0.01696244003380659,0.1654505613532274,0
Phenylethanol,random_forest,0,calibrator_update,4,0.48960337256435044,0.46898076692999396,0.516213238144783,383.83333333333337,365.33333333333337,399.25,0.0,0.0,0.0,1.0985792158587813,0.0,0.0,0.0,0.0,0.0,0.08277816975327065,0.01696244003380659,0.1654505613532274,0
Phenylethanol,random_forest,0,full_retrain,4,0.48960337256435044,0.46898076692999396,0.516213238144783,383.83333333333337,365.33333333333337,399.25,0.0,0.0,0.0,1.0985792158587813,0.0,0.0,0.0,0.0,0.0,0.08277816975327065,0.01696244003380659,0.1654505613532274,0
Phenylethanol,random_forest,2,frozen,4,0.48960337256435044,0.46898076692999396,0.516213238144783,383.83333333333337,365.33333333333337,399.25,0.0,0.0,0.0,1.0985792158587813,0.0,0.0,0.0,0.0,0.0,0.08277816975327065,0.01696244003380659,0.1654505613532274,0
Phenylethanol,random_forest,2,calibrator_update,4,1.0512062611784014,0.897177923212187,1.506703963073436,687.7344877344879,597.1043771043771,978.5714285714286,0.5915751570424694,0.4132110220679839,1.0354491275712807,-0.1494215868654529,-8.592361701006249,-19.554841680559125,-4.118651346100375,-40.352232433920285,-2.787569466680222,0.08277816975327065,0.01696244003380659,0.1654505613532274,2
Phenylethanol,random_forest,2,full_retrain,4,0.5127264673115127,0.4740567586195032,0.5533933467766026,383.83333333333337,361.75,402.5,0.01514291640117063,0.001192577483053986,0.033083344492283104,0.7490095168679358,-0.44077088411777704,-1.060706511473089,-0.005253966909604274,-1.642249178934578,0.0230325701104674,0.08277816975327065,0.01696244003380659,0.1654505613532274,0
Phenylethanol,random_forest,5,frozen,4,0.48960337256435044,0.46898076692999396,0.516213238144783,383.83333333333337,365.33333333333337,399.25,0.0,0.0,0.0,1.0985792158587813,0.0,0.0,0.0,0.0,0.0,0.08277816975327065,0.01696244003380659,0.1654505613532274,0
Phenylethanol,random_forest,5,calibrator_update,4,0.6829958963496989,0.5204456113255405,0.8663016042603675,490.615293799617,402.1628205001023,590.6118681945544,0.19339252378534844,0.004232373180757504,0.39732083733037354,-0.48984294407263473,-1.8606674618614356,-9.766644673608535,-0.21189962229439913,-29.03177996329417,0.2816075508510464,0.08277816975327065,0.01696244003380659,0.1654505613532274,1
Phenylethanol,random_forest,5,full_retrain,4,0.494938648024688,0.4682745726825628,0.5188734824193558,369.33333333333337,354.9166666666667,381.6666666666667,0.004532693587391001,-0.014260292039313671,0.015411760193508706,0.6803610831844201,-0.12049030337978724,-0.4427595736876854,0.1000342774442735,-0.884923939428473,0.2369645747335487,0.08277816975327065,0.01696244003380659,0.1654505613532274,0
Phenylethanol,random_forest,10,frozen,4,0.48960337256435044,0.46898076692999396,0.516213238144783,383.83333333333337,365.33333333333337,399.25,0.0,0.0,0.0,1.0985792158587813,0.0,0.0,0.0,0.0,0.0,0.08277816975327065,0.01696244003380659,0.1654505613532274,0
Phenylethanol,random_forest,10,calibrator_update,4,0.5302541388308437,0.5070287926155448,0.5744023725597331,395.5718874777655,377.18999352561184,433.647002878238,0.03152650541607191,0.007950370674844179,0.07916252857523545,-0.27050388950136983,-1.062008126049885,-1.5359192969922169,-0.45347402041124,-1.8350457007479175,0.2495211874333995,0.08277816975327065,0.01696244003380659,0.1654505613532274,0
Phenylethanol,random_forest,10,full_retrain,4,0.49484373464947196,0.4473325409052495,0.5334819421205345,360.33333333333337,330.8333333333333,381.9166666666667,0.006193715126925625,-0.04661755638100547,0.04319138737381659,0.7739870660300975,0.07194754537099085,-0.5393493431132855,0.8767741254073981,-0.711594281007033,1.629608137957538,0.08277816975327065,0.01696244003380659,0.1654505613532274,0
Phenylethanol,random_forest,20,frozen,4,0.48960337256435044,0.46898076692999396,0.516213238144783,383.83333333333337,365.33333333333337,399.25,0.0,0.0,0.0,1.0985792158587813,0.0,0.0,0.0,0.0,0.0,0.08277816975327065,0.01696244003380659,0.1654505613532274,0
Phenylethanol,random_forest,20,calibrator_update,4,0.5301249239595149,0.5220150632672829,0.5590961228724916,408.5233888020755,396.230907866976,432.7622099423105,0.044310010586614934,0.013257258320836574,0.08644838193561133,-0.8924284861268559,-0.9974156336652935,-2.017948397439592,-0.325983061724907,-3.577331296983977,0.1860992623177407,0.08277816975327065,0.01696244003380659,0.1654505613532274,0
Phenylethanol,random_forest,20,full_retrain,4,0.4728182448218289,0.46027142217813266,0.47408580525754956,329.1666666666667,320.33333333333337,334.75,-0.020644326570348676,-0.040707632238256616,-0.013988344228665253,0.8207986736493746,0.48775711103178643,0.3359173921747032,0.657305461360111,0.0463487479485383,1.0,0.08277816975327065,0.01696244003380659,0.1654505613532274,0
Phenylethanol,random_forest,50,frozen,4,0.48960337256435044,0.46898076692999396,0.516213238144783,383.83333333333337,365.33333333333337,399.25,0.0,0.0,0.0,1.0985792158587813,0.0,0.0,0.0,0.0,0.0,0.08277816975327065,0.01696244003380659,0.1654505613532274,0
Phenylethanol,random_forest,50,calibrator_update,4,0.5113715329304538,0.5083609738891515,0.5151373196025695,405.2725145242289,397.4857111903235,410.127131009902,0.02176816036610335,-0.0022172932365704945,0.04052158165351452,-4.655920621868181,-0.2411472889313505,-1.1262708009938827,-0.07225508272776571,-3.577331296983977,0.2301114956854866,0.08277816975327065,0.01696244003380659,0.1654505613532274,0
Phenylethanol,random_forest,50,full_retrain,4,0.41037139176298565,0.3898369432600464,0.42913274578997196,300.66666666666663,292.75,301.75,-0.08277816975327065,-0.12333988412814158,-0.0464306208485229,1.4550412829383965,1.0,1.0,1.0,1.0,1.0,0.08277816975327065,0.01696244003380659,0.1654505613532274,0
Phenylethanol,xgboost,0,frozen,4,0.5030376184127011,0.4908125665412225,0.5182939066516957,393.0016733805338,370.22938346862793,405.5313491821289,0.0,0.0,0.0,0.43008904830420314,0.0,0.0,0.0,0.0,0.0,0.11216466048460563,0.0018089088261115105,0.1783404311706293,0
Phenylethanol,xgboost,0,calibrator_update,4,0.5030376184127011,0.4908125665412225,0.5182939066516957,393.0016733805338,370.22938346862793,405.5313491821289,0.0,0.0,0.0,0.43008904830420314,0.0,0.0,0.0,0.0,0.0,0.11216466048460563,0.0018089088261115105,0.1783404311706293,0
Phenylethanol,xgboost,0,full_retrain,4,0.5030376184127011,0.4908125665412225,0.5182939066516957,393.0016733805338,370.22938346862793,405.5313491821289,0.0,0.0,0.0,0.43008904830420314,0.0,0.0,0.0,0.0,0.0,0.11216466048460563,0.0018089088261115105,0.1783404311706293,0
Phenylethanol,xgboost,2,frozen,4,0.5030376184127011,0.4908125665412225,0.5182939066516957,393.0016733805338,370.22938346862793,405.5313491821289,0.0,0.0,0.0,0.43008904830420314,0.0,0.0,0.0,0.0,0.0,0.11216466048460563,0.0018089088261115105,0.1783404311706293,0
Phenylethanol,xgboost,2,calibrator_update,4,0.8291668677663215,0.7255064491780312,1.3705171395229958,589.7911253674913,501.77675396473717,934.6196214540321,0.34873424958070065,0.2233913825232686,0.8861307332119204,0.01126598630908985,-7.271448066467169,-71.28366146179847,-2.058483730159538,-248.1636703189775,-1.576222050051511,0.11216466048460563,0.0018089088261115105,0.1783404311706293,2
Phenylethanol,xgboost,2,full_retrain,4,0.5479199554468505,0.5169463830761718,0.5791960845114745,387.5946820576986,380.00778834025067,393.3751589457194,0.03304805599219701,-0.010414149343660667,0.08561586269643644,0.21984762898652427,-0.5046202675129345,-19.863918256990654,0.0594945533208152,-76.3899499450498,0.1999767354480515,0.11216466048460563,0.0018089088261115105,0.1783404311706293,1
Phenylethanol,xgboost,5,frozen,4,0.5030376184127011,0.4908125665412225,0.5182939066516957,393.0016733805338,370.22938346862793,405.5313491821289,0.0,0.0,0.0,0.43008904830420314,0.0,0.0,0.0,0.0,0.0,0.11216466048460563,0.0018089088261115105,0.1783404311706293,0
Phenylethanol,xgboost,5,calibrator_update,4,0.5762201608935718,0.5144732944864214,0.7355003641974742,437.1372965212156,401.0912104828522,535.7826470544493,0.07223293015465337,-0.004770224491491615,0.24468779765625168,-0.2306946364607834,-0.4934374880352844,-79.404570415305,-0.030824319808941958,-315.0253145304141,0.2443605181700119,0.11216466048460563,0.0018089088261115105,0.1783404311706293,1
Phenylethanol,xgboost,5,full_retrain,4,0.5391470397421504,0.5225709222826223,0.558504296824943,371.11933390299475,356.4021234512329,385.29022153218585,0.01918918972102235,0.013917135187236446,0.04113137911898364,0.2630004026842386,-0.15854332674673838,-13.100561747044027,-0.13278490702877133,-51.898970847207735,-0.0831558086030308,0.11216466048460563,0.0018089088261115105,0.1783404311706293,1
Phenylethanol,xgboost,10,frozen,4,0.5030376184127011,0.4908125665412225,0.5182939066516957,393.0016733805338,370.22938346862793,405.5313491821289,0.0,0.0,0.0,0.43008904830420314,0.0,0.0,0.0,0.0,0.0,0.11216466048460563,0.0018089088261115105,0.1783404311706293,0
Phenylethanol,xgboost,10,calibrator_update,4,0.5298309345069657,0.5189689739782488,0.5699937181952327,409.9713101562932,401.3152060190105,437.26920976250165,0.018580976610698463,-0.0075372721570129975,0.07918115165401017,-0.5959363380259968,-0.12548790537607016,-29.266260240889945,0.029800637161220403,-116.39170111043998,0.1987901277814953,0.11216466048460563,0.0018089088261115105,0.1783404311706293,1
Phenylethanol,xgboost,10,full_retrain,4,0.5038444363289538,0.4624475988822887,0.5488640332392966,347.429407119751,314.03063901265466,370.9936374028524,-0.004047506814472218,-0.0475530288707148,0.04490386306865693,0.5544993751497107,0.02672820106468829,-0.46382206502933987,5.276712031861061,-0.6148631989713353,19.70605385991009,0.11216466048460563,0.0018089088261115105,0.1783404311706293,1
Phenylethanol,xgboost,20,frozen,4,0.5030376184127011,0.4908125665412225,0.5182939066516957,393.0016733805338,370.22938346862793,405.5313491821289,0.0,0.0,0.0,0.43008904830420314,0.0,0.0,0.0,0.0,0.0,0.11216466048460563,0.0018089088261115105,0.1783404311706293,0
Phenylethanol,xgboost,20,calibrator_update,4,0.5308052547782303,0.524019432043576,0.5750362565227073,411.81335171750396,400.60909797288457,445.3341876616335,0.01497130857242801,-0.005907825886909968,0.08306071346717396,-0.5245581196628653,-0.0997269486099863,-34.098313483102395,0.025334945720222074,-135.84465049093805,0.1510980330692882,0.11216466048460563,0.0018089088261115105,0.1783404311706293,1
Phenylethanol,xgboost,20,full_retrain,4,0.42221306318935303,0.4026852010021848,0.43737287793705465,263.64117495218915,250.3008772532145,279.406901995341,-0.10764692466958317,-0.1299368203298194,-0.06593394337009445,0.8633448078844912,0.8588218712221231,0.6766466844104684,1.259472870680981,0.553655510309135,2.037891482723924,0.11216466048460563,0.0018089088261115105,0.1783404311706293,0
Phenylethanol,xgboost,50,frozen,4,0.5030376184127011,0.4908125665412225,0.5182939066516957,393.0016733805338,370.22938346862793,405.5313491821289,0.0,0.0,0.0,0.43008904830420314,0.0,0.0,0.0,0.0,0.0,0.11216466048460563,0.0018089088261115105,0.1783404311706293,0
Phenylethanol,xgboost,50,calibrator_update,4,0.5182049079478395,0.5082495373499039,0.5695510385928497,408.89722799516096,401.00633151751623,442.6781448051432,0.001318588939388271,-0.014800008997360184,0.06964541115144539,-0.5770694170469799,0.02765955819980575,-34.013242529505824,0.14159608807969482,-135.84465049093805,0.1921073760347054,0.11216466048460563,0.0018089088261115105,0.1783404311706293,1
Phenylethanol,xgboost,50,full_retrain,4,0.4092179403424405,0.3710145384432465,0.44315259143792307,262.8399861653646,251.83964856465658,269.99336496988934,-0.11216466048460563,-0.16285669534897862,-0.050427630377115035,1.0511044876422608,1.0,1.0,1.0,1.0,1.0,0.11216466048460563,0.0018089088261115105,0.1783404311706293,0
