gas_id,target_batch,model,budget,frozen_nrmse,light_nrmse,delta_nrmse,d_ref,reference_frozen_nrmse,drift_increase_test,n_reference,n_test
CO,4,pls,0,0.0583823520264781,0.0583823520264781,0.0,,,-0.1897243146363734,0,201
CO,4,pls,2,0.0583823520264781,0.0886586612474921,-0.030276309221013993,1.0477954731930286,0.1475486903454732,-0.1897243146363734,2,201
CO,4,pls,5,0.0583823520264781,0.0625740520524744,-0.004191700025996302,0.4101291612705162,0.1016032673609748,-0.1897243146363734,5,201
CO,4,pls,10,0.0583823520264781,0.0578868885743996,0.0004954634520785012,0.1648763930291024,0.0839322034137544,-0.1897243146363734,10,201
CO,4,pls,20,0.0583823520264781,0.0602670489582021,-0.0018846969317239948,0.137922667750259,0.0819901213470215,-0.1897243146363734,20,201
CO,4,pls,50,0.0583823520264781,0.0572498303540145,0.001132521672463603,-0.1656477262741467,0.0601171293161722,-0.1897243146363734,50,201
CO,4,random_forest,0,0.0546879344259304,0.0546879344259304,0.0,,,-0.338474045772076,0,201
CO,4,random_forest,2,0.0546879344259304,0.0614334445950665,-0.006745510169136097,-0.385229129197384,0.050822721095901,-0.3384740457720762,2,201
CO,4,random_forest,5,0.0546879344259304,0.0540340999350522,0.0006538344908782051,-0.4385111150698053,0.0464179328470784,-0.3384740457720759,5,201
CO,4,random_forest,10,0.0546879344259304,0.0535523864346636,0.0011355479912668054,0.0202360113732041,0.084342269161713,-0.3384740457720759,10,201
CO,4,random_forest,20,0.0546879344259304,0.0546804902166664,7.444209264004242e-06,0.137066735481721,0.0940005916177646,-0.338474045772076,20,201
CO,4,random_forest,50,0.0546879344259304,0.0523151823825016,0.002372752043428801,-0.2197911731318612,0.0644993728357873,-0.338474045772076,50,201
CO,4,xgboost,0,0.0568490606368537,0.0568490606368537,0.0,,,-0.2825378710350361,0,201
CO,4,xgboost,2,0.0568490606368537,0.0802526019633481,-0.0234035413264944,0.0614173980451374,0.0841028112654936,-0.2825378710350361,2,201
CO,4,xgboost,5,0.0568490606368537,0.0563675461321998,0.00048151450465390433,0.0016908510717973,0.0793702993273156,-0.2825378710350361,5,201
CO,4,xgboost,10,0.0568490606368537,0.0554028985374158,0.0014461620994379032,0.2695410834529972,0.100593766723708,-0.2825378710350361,10,201
CO,4,xgboost,20,0.0568490606368537,0.0581687131451053,-0.001319652508251598,0.3085637777357136,0.1036857815129651,-0.2825378710350361,20,201
CO,4,xgboost,50,0.0568490606368537,0.0548459676571275,0.002003092979726201,-0.0964485579967337,0.071594093459766,-0.2825378710350361,50,201
CO,5,pls,0,0.0822174721446088,0.0822174721446088,0.0,,,-0.0957678190636979,0,139
CO,5,pls,2,0.0822174721446088,0.146945680971035,-0.0647282088264262,1.3150810014690797,0.2104991525005297,-0.0957678190636979,2,139
CO,5,pls,5,0.0822174721446088,0.1233850342249048,-0.041167562080296,0.6279138548989499,0.1480183572767641,-0.0957678190636979,5,139
CO,5,pls,10,0.0822174721446088,0.1000972401168485,-0.017879767972239696,0.2100169380268791,0.1100210056599809,-0.0957678190636979,10,139
CO,5,pls,20,0.0822174721446088,0.0832172309567707,-0.0009997588121618967,0.0319290604807303,0.0938283336669517,-0.0957678190636979,20,139
CO,5,pls,50,0.0822174721446088,0.0814596358984695,0.0007578362461393012,-0.043142460464157,0.0870024422507132,-0.0957678190636979,50,139
CO,5,random_forest,0,0.0733907988273597,0.0733907988273597,0.0,,,-0.2827097703303162,0,139
CO,5,random_forest,2,0.0733907988273597,0.1104075262555807,-0.037016727428221,0.2175169369493912,0.1245723654004102,-0.2827097703303164,2,139
CO,5,random_forest,5,0.0733907988273597,0.101214449244247,-0.027823650416887294,-0.16208412194132,0.0857328220812013,-0.2827097703303162,5,139
CO,5,random_forest,10,0.0733907988273597,0.0783542844911326,-0.004963485663772901,-0.0992679240742509,0.0921599707444205,-0.2827097703303162,10,139
CO,5,random_forest,20,0.0733907988273597,0.0711067619828841,0.0022840368444756037,-0.1790580923836572,0.0839961007395364,-0.2827097703303162,20,139
CO,5,random_forest,50,0.0733907988273597,0.0704475761226343,0.0029432227047253984,-0.2293090610940927,0.0788545853766325,-0.2827097703303162,50,139
CO,5,xgboost,0,0.0690107902755066,0.0690107902755066,0.0,,,-0.2887317811077114,0,139
CO,5,xgboost,2,0.0690107902755066,0.1105143403353812,-0.04150355005987459,0.549722025743645,0.1503617606737519,-0.2887317811077114,2,139
CO,5,xgboost,5,0.0690107902755066,0.10259208776103,-0.033581297485523395,0.0748549341050066,0.1042877868909072,-0.2887317811077114,5,139
CO,5,xgboost,10,0.0690107902755066,0.0800404689155106,-0.011029678640003995,-0.0785180005196472,0.0894067797768753,-0.2887317811077114,10,139
CO,5,xgboost,20,0.0690107902755066,0.0667090176097593,0.002301772665747312,-0.1631433686652605,0.0811960044631974,-0.2887317811077114,20,139
CO,5,xgboost,50,0.0690107902755066,0.0665271492029772,0.002483641072529408,-0.2008019628494417,0.0775421798211202,-0.2887317811077114,50,139
CO,6,pls,0,0.0615553715562399,0.0615553715562399,0.0,,,-0.2191481438138589,0,134
CO,6,pls,2,0.0615553715562399,0.0641607720107493,-0.002605400454509396,0.1505389185491824,0.0906981907773384,-0.2191481438138589,2,134
CO,6,pls,5,0.0615553715562399,0.0660555552188679,-0.004500183662627999,0.3923065833043839,0.1097569895960778,-0.2191481438138589,5,134
CO,6,pls,10,0.0615553715562399,0.0648486681344791,-0.0032932965782392076,0.3380948355199334,0.1054834206070972,-0.2191481438138589,10,134
CO,6,pls,20,0.0615553715562399,0.0622015434117364,-0.000646171855496501,0.4093454253995537,0.1111001794057032,-0.2191481438138589,20,134
CO,6,pls,50,0.0615553715562399,0.0587121208899477,0.0028432506662922005,0.1923500635983112,0.0939942072346233,-0.2191481438138589,50,134
CO,6,random_forest,0,0.0476180777189675,0.0476180777189675,0.0,,,-0.4722030186488112,0,134
CO,6,random_forest,2,0.0476180777189675,0.0479327659617025,-0.00031468824273499924,-0.0548814054348762,0.0852690187322195,-0.4722030186488112,2,134
CO,6,random_forest,5,0.0476180777189675,0.046767899367558,0.0008501783514094988,-0.2377153120693649,0.0687736625945334,-0.4722030186488112,5,134
CO,6,random_forest,10,0.0476180777189675,0.0478745289687954,-0.00025645124982789924,-0.2488122133439877,0.067772495240408,-0.4722030186488111,10,134
CO,6,random_forest,20,0.0476180777189675,0.0473345133393288,0.0002835643796386955,-0.4124096746693975,0.0530126597292692,-0.4722030186488112,20,134
CO,6,random_forest,50,0.0476180777189675,0.0471259361038535,0.000492141615113996,-0.4121609128183029,0.0530351031337931,-0.4722030186488112,50,134
CO,6,xgboost,0,0.0528854217363982,0.0528854217363982,0.0,,,-0.3836783284282899,0,134
CO,6,xgboost,2,0.0528854217363982,0.0537574367061921,-0.0008720149697938953,0.0434922284013214,0.0895401364630367,-0.3836783284282899,2,134
CO,6,xgboost,5,0.0528854217363982,0.0544477253591393,-0.0015623036227410958,-0.0035632188771165,0.0855023956385597,-0.3836783284282899,5,134
CO,6,xgboost,10,0.0528854217363982,0.054978638268167,-0.0020932165317687976,-0.2279880645318784,0.0662449150759973,-0.3836783284282899,10,134
CO,6,xgboost,20,0.0528854217363982,0.0532044944634313,-0.000319072727033097,-0.4221752891817473,0.0495820687976247,-0.3836783284282899,20,134
CO,6,xgboost,50,0.0528854217363982,0.0529691578248536,-8.37360884553967e-05,-0.2788044569186681,0.0618844545138297,-0.3836783284282899,50,134
CO,7,pls,0,0.0857710136267991,0.0857710136267991,0.0,,,0.2322373504736146,0,139
CO,7,pls,2,0.0857710136267991,0.1036713904648132,-0.017900376838014098,1.5701682947036606,0.1788989270155344,0.2322373504736146,2,139
CO,7,pls,5,0.0857710136267991,0.08617464243896,-0.0004036288121608972,0.9335469315555288,0.1345863117610928,0.2322373504736146,5,139
CO,7,pls,10,0.0857710136267991,0.0814389897524972,0.004332023874301899,0.7245789343337982,0.1200409022014969,0.2322373504736146,10,139
CO,7,pls,20,0.0857710136267991,0.096465306454654,-0.01069429282785489,0.5991438025005802,0.1113098745325084,0.2322373504736146,20,139
CO,7,pls,50,0.0857710136267991,0.0739058344688179,0.011865179157981201,0.3551147846410378,0.0943240103983621,0.2322373504736146,50,139
CO,7,random_forest,0,0.0593806397269783,0.0593806397269783,0.0,,,-0.2544888020681125,0,139
CO,7,random_forest,2,0.0593806397269783,0.1008559679859863,-0.041475328259007994,0.872646639693759,0.149157994884674,-0.2544888020681127,2,139
CO,7,random_forest,5,0.0593806397269783,0.0874105943107503,-0.028029954583771992,0.2321716863492251,0.0981435868325769,-0.2544888020681129,5,139
CO,7,random_forest,10,0.0593806397269783,0.0770915152822558,-0.0177108755552775,-0.0341635254440849,0.0769297468500527,-0.2544888020681126,10,139
CO,7,random_forest,20,0.0593806397269783,0.0971012497843403,-0.037720610057362,0.0992145003486891,0.0875534269759412,-0.2544888020681125,20,139
CO,7,random_forest,50,0.0593806397269783,0.068871705147964,-0.00949106542098569,-0.165020034272147,0.0665069078260314,-0.2544888020681122,50,139
CO,7,xgboost,0,0.0697857724722782,0.0697857724722782,0.0,,,-0.0818319821033081,0,139
CO,7,xgboost,2,0.0697857724722782,0.1229432583373671,-0.05315748586508891,1.5403372819007235,0.1930794757626989,-0.0818319821033081,2,139
CO,7,xgboost,5,0.0697857724722782,0.1093979787518342,-0.039612206279556,0.7011727344225417,0.129298397533394,-0.0818319821033081,5,139
CO,7,xgboost,10,0.0697857724722782,0.0888444752066828,-0.019058702734404603,0.260223363903093,0.0957838426337842,-0.0818319821033081,10,139
CO,7,xgboost,20,0.0697857724722782,0.1059018446836969,-0.0361160722114187,0.3290241732787121,0.1010130790430356,-0.0818319821033081,20,139
CO,7,xgboost,50,0.0697857724722782,0.0731597186926522,-0.0033739462203739995,-0.020569178085145,0.0744420793996518,-0.0818319821033081,50,139
CO,8,pls,0,0.0588818442499116,0.0588818442499116,0.0,,,-0.165499294968641,0,141
CO,8,pls,2,0.0588818442499116,0.066529840959504,-0.007647996709592396,0.7203652205465273,0.1213878866230304,-0.165499294968641,2,141
CO,8,pls,5,0.0588818442499116,0.0571985564802721,0.0016832877696395035,0.2002148891466126,0.0846864067856002,-0.165499294968641,5,141
CO,8,pls,10,0.0588818442499116,0.0520904559006271,0.0067913883492844995,-0.0900942903376656,0.0642023738930569,-0.165499294968641,10,141
CO,8,pls,20,0.0588818442499116,0.0525127836715165,0.0063690605783950985,0.1089849222506147,0.0782492777702413,-0.165499294968641,20,141
CO,8,pls,50,0.0588818442499116,0.0526811530298704,0.006200691220041202,-0.086663312490896,0.0644444615293888,-0.165499294968641,50,141
CO,8,random_forest,0,0.048617904578622,0.048617904578622,0.0,,,-0.4009348048827371,0,141
CO,8,random_forest,2,0.048617904578622,0.0585148171592918,-0.009896912580669798,-0.1956675513626724,0.0652766319193096,-0.4009348048827372,2,141
CO,8,random_forest,5,0.048617904578622,0.0538158993319821,-0.005197994753360101,-0.4732819799792245,0.0427464767540004,-0.4009348048827372,5,141
CO,8,random_forest,10,0.048617904578622,0.0535873214674171,-0.004969416888795097,-0.3105359490494858,0.0559543397157982,-0.400934804882737,10,141
CO,8,random_forest,20,0.048617904578622,0.0526501423370012,-0.004032237758379201,-0.2111045824498551,0.0640238198539601,-0.4009348048827372,20,141
CO,8,random_forest,50,0.048617904578622,0.0513841742857137,-0.0027662697070916994,-0.326197390357814,0.0546833153510078,-0.4009348048827372,50,141
CO,8,xgboost,0,0.0533142158383381,0.0533142158383381,0.0,,,-0.3014955716582779,0,141
CO,8,xgboost,2,0.0533142158383381,0.0625219353005695,-0.009207719462231402,0.2028412482632474,0.0918083484186444,-0.3014955716582779,2,141
CO,8,xgboost,5,0.0533142158383381,0.059158697360059,-0.005844481521720901,-0.217461346603925,0.0597282321717657,-0.3014955716582779,5,141
CO,8,xgboost,10,0.0533142158383381,0.0578786571107682,-0.004564441272430102,-0.2757853802597662,0.0552765780480086,-0.3014955716582779,10,141
CO,8,xgboost,20,0.0533142158383381,0.0582758777575613,-0.004961661919223204,-0.122632919950512,0.0669661293146836,-0.3014955716582779,20,141
CO,8,xgboost,50,0.0533142158383381,0.0591831532817187,-0.005868937443380601,-0.189583421703826,0.0618560493264505,-0.3014955716582779,50,141
CO,9,pls,0,0.1327562316483089,0.1327562316483089,0.0,,,0.9072549131453987,0,202
CO,9,pls,2,0.1327562316483089,0.0913309179589233,0.04142531368938561,1.0968425740950896,0.1459526550845396,0.9072549131453987,2,202
CO,9,pls,5,0.1327562316483089,0.0899825978694801,0.04277363377882881,1.6991914329836548,0.1878797011718545,0.9072549131453987,5,202
CO,9,pls,10,0.1327562316483089,0.0904129184043984,0.04234331324391051,2.2674867279492426,0.2274364176354519,0.9072549131453987,10,202
CO,9,pls,20,0.1327562316483089,0.0907330475998724,0.04202318404843651,1.4826364926431503,0.1728061954614838,0.9072549131453987,20,202
CO,9,pls,50,0.1327562316483089,0.090330149648768,0.04242608199954091,0.9548209294306323,0.1360671079412611,0.9072549131453987,50,202
CO,9,random_forest,0,0.0912422264134439,0.0912422264134439,0.0,,,0.1455265862444844,0,202
CO,9,random_forest,2,0.0912422264134439,0.0793010308584019,0.011941195555042,-0.1805308772827216,0.0652714551819562,0.145526586244484,2,202
CO,9,random_forest,5,0.0912422264134439,0.07916333724573,0.012078889167713894,0.48387715120335,0.118192154268287,0.1455265862444844,5,202
CO,9,random_forest,10,0.0912422264134439,0.0782248801100579,0.013017346303385996,0.7191490802382217,0.1369317757449953,0.145526586244484,10,202
CO,9,random_forest,20,0.0912422264134439,0.0786974134548141,0.012544812958629803,0.3428707441094009,0.1069608666872701,0.145526586244484,20,202
CO,9,random_forest,50,0.0912422264134439,0.0786394733279986,0.012602753085445298,0.157979963354001,0.0922341491391867,0.145526586244484,50,202
CO,9,xgboost,0,0.0963448326513352,0.0963448326513352,0.0,,,0.2676042823084777,0,202
CO,9,xgboost,2,0.0963448326513352,0.080065899067282,0.016278933584053204,0.4884659816889686,0.1131315252831645,0.2676042823084777,2,202
CO,9,xgboost,5,0.0963448326513352,0.0826489000423425,0.013695932608992697,1.09626189128113,0.1593273263017449,0.2676042823084777,5,202
CO,9,xgboost,10,0.0963448326513352,0.0793588912594466,0.016985941391888595,0.9334532577284766,0.1469529830049101,0.2676042823084777,10,202
CO,9,xgboost,20,0.0963448326513352,0.0797114025347216,0.0166334301166136,0.4948272632476165,0.1136150173443461,0.2676042823084777,20,202
CO,9,xgboost,50,0.0963448326513352,0.0801755447214448,0.016169287929890405,0.3005514119109251,0.0988489940305543,0.2676042823084777,50,202
CO,10,pls,0,0.1756550953007581,0.1756550953007581,0.0,,,1.5235654806691843,0,146
CO,10,pls,2,0.1756550953007581,0.1154789030605435,0.0601761922402146,1.4604239267282275,0.1712600693900393,1.5235654806691843,2,146
CO,10,pls,5,0.1756550953007581,0.0972812813625107,0.0783738139382474,2.4143401088080148,0.237658282218552,1.5235654806691843,5,146
CO,10,pls,10,0.1756550953007581,0.1085606957908772,0.0670943995098809,3.2392304164484087,0.2950755304378541,1.5235654806691843,10,146
CO,10,pls,20,0.1756550953007581,0.1035573196164074,0.07209777568435069,2.532154628477388,0.2458588701719302,1.5235654806691843,20,146
CO,10,pls,50,0.1756550953007581,0.0993448153536522,0.0763102799471059,1.269976278088248,0.1580037857200035,1.5235654806691843,50,146
CO,10,random_forest,0,0.1300943282644379,0.1300943282644379,0.0,,,0.6333063933715332,0,146
CO,10,random_forest,2,0.1300943282644379,0.0955535458038026,0.0345407824606353,0.6835465166325924,0.1340959994230736,0.6333063933715332,2,146
CO,10,random_forest,5,0.1300943282644379,0.0914098567895625,0.0386844714748754,0.8399009411575649,0.146549770443807,0.6333063933715332,5,146
CO,10,random_forest,10,0.1300943282644379,0.0962897024954314,0.0338046257690065,1.5387168684452843,0.2022110897222568,0.6333063933715328,10,146
CO,10,random_forest,20,0.1300943282644379,0.0944892707034194,0.03560505756101849,0.8612013410181042,0.1482463665159626,0.6333063933715332,20,146
CO,10,random_forest,50,0.1300943282644379,0.0962311096769682,0.0338632185874697,0.1846759379091093,0.094360507605183,0.6333063933715332,50,146
CO,10,xgboost,0,0.1293286642113204,0.1293286642113204,0.0,,,0.7015709516335212,0,146
CO,10,xgboost,2,0.1293286642113204,0.097638432172457,0.03169023203886338,0.771379477460762,0.1346344925619579,0.7015709516335212,2,146
CO,10,xgboost,5,0.1293286642113204,0.0951144094256442,0.03421425478567619,0.8410574112657253,0.1399303952073044,0.7015709516335212,5,146
CO,10,xgboost,10,0.1293286642113204,0.100974842461989,0.02835382174933139,1.5216446428862558,0.1916587333411121,0.7015709516335212,10,146
CO,10,xgboost,20,0.1293286642113204,0.0974807673370987,0.03184789687422168,0.915052017697174,0.1455543884938816,0.7015709516335212,20,146
CO,10,xgboost,50,0.1293286642113204,0.0980932141977731,0.031235450013547286,0.1979013782017546,0.0910470321269914,0.7015709516335212,50,146
CO,11,pls,0,0.1442547854127872,0.1442547854127872,0.0,,,1.0724499694457716,0,189
CO,11,pls,2,0.1442547854127872,0.1401758249765836,0.004078960436203594,2.768239524596847,0.2622917764089962,1.0724499694457716,2,189
CO,11,pls,5,0.1442547854127872,0.1187310301937355,0.02552375521905169,1.9575968864565332,0.2058662503237227,1.0724499694457716,5,189
CO,11,pls,10,0.1442547854127872,0.1092862428088224,0.034968542603964786,1.613771598926103,0.1819339750922699,1.0724499694457716,10,189
CO,11,pls,20,0.1442547854127872,0.103641374773612,0.04061341063917519,1.2654007022805809,0.1576852985593936,1.0724499694457716,20,189
CO,11,pls,50,0.1442547854127872,0.103023629801167,0.04123115561162019,1.3230042304105416,0.1616948450922004,1.0724499694457716,50,189
CO,11,random_forest,0,0.099977689158321,0.099977689158321,0.0,,,0.2551984477361338,0,189
CO,11,random_forest,2,0.099977689158321,0.114318393795712,-0.014340704637390997,0.7879084383561761,0.1424085206732902,0.2551984477361338,2,189
CO,11,random_forest,5,0.099977689158321,0.1169791066212969,-0.0170014174629759,0.5709437540557099,0.1251270877616672,0.2551984477361338,5,189
CO,11,random_forest,10,0.099977689158321,0.1078070218156397,-0.007829332657318694,0.3354680147275945,0.1063712326111666,0.2551984477361338,10,189
CO,11,random_forest,20,0.099977689158321,0.0976086208651943,0.0023690682931267054,0.3754402234074989,0.1095550551067877,0.2551984477361338,20,189
CO,11,random_forest,50,0.099977689158321,0.0973198973728719,0.0026577917854491012,0.3023535929653395,0.1037336390325771,0.2551984477361335,50,189
CO,11,xgboost,0,0.1093478810070328,0.1093478810070328,0.0,,,0.4386847577751396,0,189
CO,11,xgboost,2,0.1093478810070328,0.1383453481259518,-0.028997467118919013,1.837113547841412,0.2156360891127835,0.4386847577751396,2,189
CO,11,xgboost,5,0.1093478810070328,0.1401680456870911,-0.0308201646800583,1.281518295646563,0.173407822498611,0.4386847577751396,5,189
CO,11,xgboost,10,0.1093478810070328,0.1108258023663227,-0.0014779213592898965,0.7235022153123589,0.1309955597547165,0.4386847577751396,10,189
CO,11,xgboost,20,0.1093478810070328,0.1031249438034262,0.006222937203606602,0.6293776893324712,0.1238415828942063,0.4386847577751396,20,189
CO,11,xgboost,50,0.1093478810070328,0.1028487007782828,0.006499180228749998,0.5035875130535257,0.1142808440643357,0.4386847577751396,50,189
CO,12,pls,0,0.1644128654450597,0.1644128654450597,0.0,,,1.3620529259606928,0,189
CO,12,pls,2,0.1644128654450597,0.0996430190953599,0.0647698463496998,2.4649676102263776,0.2411822559987463,1.3620529259606928,2,189
CO,12,pls,5,0.1644128654450597,0.0978342103527133,0.06657865509234641,1.781160961120093,0.1935852655357902,1.3620529259606928,5,189
CO,12,pls,10,0.1644128654450597,0.0962785325261334,0.0681343329189263,1.5842639370768554,0.1798800671616314,1.3620529259606928,10,189
CO,12,pls,20,0.1644128654450597,0.0876585792853698,0.0767542861596899,1.833428788264333,0.1972234156961539,1.3620529259606928,20,189
CO,12,pls,50,0.1644128654450597,0.0841123508082348,0.0803005146368249,1.7232461561067007,0.1895540522893423,1.3620529259606928,50,189
CO,12,random_forest,0,0.0943580757821742,0.0943580757821741,9.71445146547012e-17,,,0.1846454068927235,0,189
CO,12,random_forest,2,0.0943580757821741,0.0794957092802814,0.014862366501892696,0.7127755473989141,0.1364241181023349,0.1846454068927239,2,189
CO,12,random_forest,5,0.0943580757821741,0.0808166482419335,0.013541427540240597,0.2444298122974156,0.0991199576271092,0.1846454068927239,5,189
CO,12,random_forest,10,0.0943580757821742,0.0799270710781917,0.014431004703982495,0.2415605745958838,0.0988914202547419,0.1846454068927241,10,189
CO,12,random_forest,20,0.0943580757821741,0.0815349258374026,0.012823149944771503,0.44514568959747,0.1151071583968659,0.1846454068927239,20,189
CO,12,random_forest,50,0.0943580757821741,0.0762633275930278,0.018094748189146304,0.3891599470624279,0.1106478434777298,0.1846454068927239,50,189
CO,12,xgboost,0,0.0928600412502785,0.0928600412502785,0.0,,,0.2217550511523314,0,189
CO,12,xgboost,2,0.0928600412502785,0.0796756218903426,0.013184419359935903,1.596548537677726,0.1973518374977776,0.2217550511523314,2,189
CO,12,xgboost,5,0.0928600412502785,0.0753465274231674,0.017513513827111096,0.8001467690706268,0.1368209634777371,0.2217550511523314,5,189
CO,12,xgboost,10,0.0928600412502785,0.0759011562835983,0.0169588849666802,0.5265424697982048,0.1160255458588556,0.2217550511523314,10,189
CO,12,xgboost,20,0.0928600412502785,0.0788508559226291,0.014009185327649401,0.6564609654934453,0.1259000594596428,0.2217550511523314,20,189
CO,12,xgboost,50,0.0928600412502785,0.0706634306765768,0.022196610573701703,0.500028689479501,0.1140103540806235,0.2217550511523314,50,189
CO,13,pls,0,0.1174648205383987,0.1174648205383987,0.0,,,0.6875694143466404,0,209
CO,13,pls,2,0.1174648205383987,0.1458888095113074,-0.028423988972908695,3.037969634790844,0.2810665887031661,0.6875694143466404,2,209
CO,13,pls,5,0.1174648205383987,0.1161502844525015,0.0013145360858971972,2.141850034565703,0.2186913600894493,0.6875694143466404,5,209
CO,13,pls,10,0.1174648205383987,0.1036513871960942,0.013813433342304504,1.72608596268401,0.1897517196369083,0.6875694143466404,10,209
CO,13,pls,20,0.1174648205383987,0.0917739554258337,0.025690865112564992,1.4182917459769109,0.1683274202149765,0.6875694143466404,20,209
CO,13,pls,50,0.1174648205383987,0.0897382123468991,0.027726608191499594,0.98815810975693,0.1383875730261304,0.6875694143466404,50,209
CO,13,random_forest,0,0.0786730254450533,0.0786730254450533,0.0,,,-0.0122770365200281,0,209
CO,13,random_forest,2,0.0786730254450533,0.1409128405060891,-0.062239815061035805,1.8991378628325108,0.2309189471992716,-0.0122770365200281,2,209
CO,13,random_forest,5,0.0786730254450533,0.0909060456649183,-0.012233020219865012,0.8366633104468539,0.14629189023579,-0.0122770365200281,5,209
CO,13,random_forest,10,0.0786730254450533,0.0840506645081518,-0.005377639063098502,0.4725050788175227,0.1172863584396459,-0.0122770365200281,10,209
CO,13,random_forest,20,0.0786730254450533,0.0812236325248731,-0.0025506070798198,0.4634944779455493,0.1165686559482728,-0.0122770365200281,20,209
CO,13,random_forest,50,0.0786730254450533,0.0775955643514323,0.0010774610936209877,0.1013038348018547,0.0877198443507262,-0.0122770365200283,50,209
CO,13,xgboost,0,0.0867562096347296,0.0867562096347296,0.0,,,0.1414472351394047,0,209
CO,13,xgboost,2,0.0867562096347296,0.1813289789133745,-0.09457276927864489,3.007858767146072,0.3046191051892541,0.1414472351394047,2,209
CO,13,xgboost,5,0.0867562096347296,0.0982982487568236,-0.011542039122093992,1.5495871622929809,0.1937825170752558,0.1414472351394047,5,209
CO,13,xgboost,10,0.0867562096347296,0.0862944851145507,0.00046172452017889665,0.986604147641863,0.1509927402583718,0.1414472351394047,10,209
CO,13,xgboost,20,0.0867562096347296,0.0796206843531551,0.0071355252815745035,0.8574187541985315,0.1411739464234155,0.1414472351394047,20,209
CO,13,xgboost,50,0.0867562096347296,0.0802155004608478,0.0065407091738818035,0.3843528440568192,0.1052183595089786,0.1414472351394047,50,209
NO2,4,pls,0,0.1409191149857765,0.1409191149857765,0.0,,,0.2468917576720324,0,191
NO2,4,pls,2,0.1409191149857765,0.1187064659084692,0.0222126490773073,1.2637006957247603,0.2558351169389359,0.2468917576720324,2,191
NO2,4,pls,5,0.1409191149857765,0.1190823467035905,0.021836768282186003,1.181545242535026,0.2465502101428819,0.2468917576720324,5,191
NO2,4,pls,10,0.1409191149857765,0.1095814556690086,0.031337659316767894,0.8883865497176343,0.2134184941875663,0.2468917576720324,10,191
NO2,4,pls,20,0.1409191149857765,0.1122003352733578,0.028718779712418693,0.7168536098076563,0.1940324729597474,0.2468917576720324,20,191
NO2,4,pls,50,0.1409191149857765,0.1017882985779766,0.039130816407799904,0.5781950554798115,0.178361793736101,0.2468917576720324,50,191
NO2,4,random_forest,0,0.1131850482044795,0.1131850482044795,0.0,,,0.0651878625426237,0,191
NO2,4,random_forest,2,0.1131850482044795,0.1010533840186724,0.012131664185807106,0.807921694661024,0.1921066802917538,0.0651878625426237,2,191
NO2,4,random_forest,5,0.1131850482044795,0.1088998640626802,0.004285184141799306,0.6322751701722835,0.1734427797345768,0.0651878625426237,5,191
NO2,4,random_forest,10,0.1131850482044795,0.0937295657565652,0.0194554824479143,0.3660264172963601,0.1451516406891973,0.0651878625426237,10,191
NO2,4,random_forest,20,0.1131850482044795,0.0951109058896826,0.018074142314796898,0.3119978213454278,0.1394106540969079,0.0651878625426237,20,191
NO2,4,random_forest,50,0.1131850482044795,0.0952831428518806,0.017901905352598904,0.2150124749753751,0.1291051563626213,0.0651878625426237,50,191
NO2,4,xgboost,0,0.112484996891412,0.112484996891412,0.0,,,0.0371050970217674,0,191
NO2,4,xgboost,2,0.112484996891412,0.1052985075480936,0.007186489343318406,0.9406342701600744,0.2104822746250006,0.0371050970217674,2,191
NO2,4,xgboost,5,0.112484996891412,0.1146623535671804,-0.002177356675768391,0.6995550367684407,0.1843346865970221,0.0371050970217674,5,191
NO2,4,xgboost,10,0.112484996891412,0.0937949087630048,0.01869008812840721,0.424007280053918,0.1544486233171517,0.0371050970217674,10,191
NO2,4,xgboost,20,0.112484996891412,0.0984617963199422,0.014023200571469802,0.4069460160898345,0.1525981491178882,0.0371050970217674,20,191
NO2,4,xgboost,50,0.112484996891412,0.0936983273310476,0.0187866695603644,0.2305690038064199,0.1334682000554548,0.0371050970217674,50,191
NO2,5,pls,0,0.1359637437079492,0.1359637437079492,0.0,,,0.2030452461242472,0,195
NO2,5,pls,2,0.1359637437079492,0.1157278296649504,0.020235914042998793,0.8919596256961975,0.2138223100774204,0.2030452461242472,2,195
NO2,5,pls,5,0.1359637437079492,0.114624572933952,0.021339170773997204,0.2989374394761908,0.1468011262939324,0.2030452461242472,5,195
NO2,5,pls,10,0.1359637437079492,0.1118904870446356,0.0240732566633136,0.5083715851412527,0.1704706022314625,0.2030452461242472,10,195
NO2,5,pls,20,0.1359637437079492,0.1117764913616073,0.024187252346341892,0.18031895306128,0.1333953017516723,0.2030452461242472,20,195
NO2,5,pls,50,0.1359637437079492,0.1120900229651226,0.023873720742826593,0.2348341475894236,0.1395564082943335,0.2030452461242472,50,195
NO2,5,random_forest,0,0.1221020467552883,0.1221020467552883,0.0,,,0.1491060017077206,0,195
NO2,5,random_forest,2,0.1221020467552883,0.1536311838797125,-0.031529137124424206,1.535486927247096,0.269416522825622,0.1491060017077206,2,195
NO2,5,random_forest,5,0.1221020467552883,0.1109396158992874,0.011162430856000896,0.8427852760791944,0.1958112250787899,0.1491060017077206,5,195
NO2,5,random_forest,10,0.1221020467552883,0.1050047274036474,0.017097319351640897,0.5012842836073601,0.1595239112123539,0.1491060017077206,10,195
NO2,5,random_forest,20,0.1221020467552883,0.1071212011313092,0.014980845623979097,0.2636367841623276,0.1342718926471464,0.1491060017077206,20,195
NO2,5,random_forest,50,0.1221020467552883,0.1092943557231073,0.01280769103218099,0.2862510136911032,0.136674842163687,0.1491060017077206,50,195
NO2,5,xgboost,0,0.1254668536207586,0.1254668536207586,0.0,,,0.1567970573265608,0,195
NO2,5,xgboost,2,0.1254668536207586,0.1404416944078304,-0.014974840787071786,1.2155748128896364,0.2403024791376092,0.1567970573265608,2,195
NO2,5,xgboost,5,0.1254668536207586,0.1080342104050356,0.017432643215723007,0.4752880269260078,0.1600105617060971,0.1567970573265608,5,195
NO2,5,xgboost,10,0.1254668536207586,0.1077213690605796,0.017745484560179006,0.3259437711352564,0.1438126004805528,0.1567970573265608,10,195
NO2,5,xgboost,20,0.1254668536207586,0.1077285673530363,0.017738286267722295,0.1964195955022089,0.1297643361963592,0.1567970573265608,20,195
NO2,5,xgboost,50,0.1254668536207586,0.1101575688963433,0.015309284724415298,0.301596750734264,0.1411719090771595,0.1567970573265608,50,195
NO2,6,pls,0,0.1456270991908023,0.1456270991908023,0.0,,,0.2841788839424099,0,107
NO2,6,pls,2,0.1456270991908023,6.484621003098034,-6.338993903907231,5.151977671175954,0.6976400825012469,0.2841788839424099,2,107
NO2,6,pls,5,0.1456270991908023,0.1513859492204168,-0.005758850029614487,3.069372088738719,0.4614706410618819,0.2841788839424099,5,107
NO2,6,pls,10,0.1456270991908023,0.14834085154571,-0.0027137523549077003,2.074852166305712,0.3486911418796826,0.2841788839424099,10,107
NO2,6,pls,20,0.1456270991908023,0.1287813304363259,0.01684576875447641,1.2145016085703646,0.2511265754654242,0.2841788839424099,20,107
NO2,6,pls,50,0.1456270991908023,0.1233375441569324,0.022289555033869896,0.7537929606920647,0.198881779353637,0.2841788839424099,50,107
NO2,6,random_forest,0,0.1291608251874875,0.1291608251874875,0.0,,,0.2169880654905201,0,107
NO2,6,random_forest,2,0.1291608251874875,3.0700230502864208,-2.9408622250989334,5.6559570454593,0.7064070131677816,0.2169880654905201,2,107
NO2,6,random_forest,5,0.1291608251874875,0.1459967153572818,-0.016835890169794282,3.349389435772243,0.4616074261662181,0.2169880654905201,5,107
NO2,6,random_forest,10,0.1291608251874875,0.1402600930348216,-0.011099267847334088,2.2166386815172663,0.3413868370741211,0.2169880654905201,10,107
NO2,6,random_forest,20,0.1291608251874875,0.1172072506248025,0.011953574562685004,1.2004864212803978,0.2335410264453834,0.2169880654905201,20,107
NO2,6,random_forest,50,0.1291608251874875,0.1144966771313765,0.014664148056111007,0.7350676425563556,0.1841454117944538,0.2169880654905201,50,107
NO2,6,xgboost,0,0.1378199612598547,0.1378199612598547,0.0,,,0.2830099717954166,0,107
NO2,6,xgboost,2,0.1378199612598547,2.732002576013303,-2.594182614753448,5.937230160695642,0.7451920195599409,0.2830099717954166,2,107
NO2,6,xgboost,5,0.1378199612598547,0.1555888382807962,-0.017768877020941487,3.565981317746418,0.490474261431052,0.2830099717954166,5,107
NO2,6,xgboost,10,0.1378199612598547,0.1509589322871521,-0.013138971027297386,2.366136759898915,0.3615878660673545,0.2830099717954166,10,107
NO2,6,xgboost,20,0.1378199612598547,0.1277981651460571,0.01002179611379761,1.300243909591736,0.2470904618648595,0.2830099717954166,20,107
NO2,6,xgboost,50,0.1378199612598547,0.1239943118028039,0.01382564945705081,0.8020757758063256,0.1935776175312168,0.2830099717954166,50,107
NO2,7,pls,0,0.1175726576344987,0.1175726576344987,0.0,,,0.04031577083669,0,123
NO2,7,pls,2,0.1175726576344987,0.1051264092552325,0.012446248379266195,0.2873908623165548,0.1454961746616522,0.04031577083669,2,123
NO2,7,pls,5,0.1175726576344987,0.1060141590151486,0.0115584986193501,0.1141103239469601,0.1259126462911607,0.04031577083669,5,123
NO2,7,pls,10,0.1175726576344987,0.1065236041641537,0.011049053470345002,0.3155367305390005,0.1486771170457918,0.04031577083669,10,123
NO2,7,pls,20,0.1175726576344987,0.1036595656068669,0.013913092027631802,0.1691731941851035,0.1321356491258437,0.04031577083669,20,123
NO2,7,pls,50,0.1175726576344987,0.1069240887511745,0.010648568883324203,0.2021113113486372,0.1358581938386654,0.04031577083669,50,123
NO2,7,random_forest,0,0.1318241008732545,0.1318241008732545,0.0,,,0.2406005428129315,0,123
NO2,7,random_forest,2,0.1318241008732545,0.1198045788095217,0.012019522063732802,0.071554527167595,0.1138615591447742,0.2406005428129315,2,123
NO2,7,random_forest,5,0.1318241008732545,0.1167229049816654,0.015101195891589092,-0.0362005725089548,0.1024116857655788,0.2406005428129315,5,123
NO2,7,random_forest,10,0.1318241008732545,0.1216223549013076,0.010201745971946896,0.1934551702287265,0.1268145138734328,0.2406005428129315,10,123
NO2,7,random_forest,20,0.1318241008732545,0.1169436574247909,0.014880443448463593,0.1628371719826626,0.1235610975238198,0.2406005428129315,20,123
NO2,7,random_forest,50,0.1318241008732545,0.113369090450358,0.01845501042289649,0.3008507854666142,0.1382261890483962,0.2406005428129315,50,123
NO2,7,xgboost,0,0.1333209424912854,0.1333209424912854,0.0,,,0.2292112976714183,0,123
NO2,7,xgboost,2,0.1333209424912854,0.1254938186312128,0.007827123860072588,0.6495060321938351,0.1789063436642184,0.2292112976714183,2,123
NO2,7,xgboost,5,0.1333209424912854,0.1187000608706502,0.014620881620635198,0.3441112120296333,0.1457830512462441,0.2292112976714183,5,123
NO2,7,xgboost,10,0.1333209424912854,0.1131795037865877,0.0201414387046977,0.3426577709809585,0.1456254102199764,0.2292112976714183,10,123
NO2,7,xgboost,20,0.1333209424912854,0.1127034283653502,0.020617514125935196,0.2346443242320643,0.133910211580349,0.2292112976714183,20,123
NO2,7,xgboost,50,0.1333209424912854,0.1125377945919042,0.020783147899381196,0.3832126044489595,0.1500240100626344,0.2292112976714183,50,123
NO2,8,pls,0,0.2407391078243416,0.2407391078243416,0.0,,,0.9778180925544718,0,144
NO2,8,pls,2,0.2407391078243416,0.2100554884404913,0.030683619383850308,0.7307458068082003,0.2106655829321427,0.9778180925544718,2,144
NO2,8,pls,5,0.2407391078243416,0.1240192704204217,0.1167198374039199,1.3186750474576123,0.2822280594766756,0.9778180925544718,5,144
NO2,8,pls,10,0.2407391078243416,0.1169822595576825,0.1237568482666591,1.426597624521481,0.2953643458794879,0.9778180925544718,10,144
NO2,8,pls,20,0.2407391078243416,0.121452684979213,0.11928642284512861,0.7768601634143554,0.2162786011915323,0.9778180925544718,20,144
NO2,8,pls,50,0.2407391078243416,0.1185398601319664,0.1221992476923752,0.7517530729161874,0.2132225776930378,0.9778180925544718,50,144
NO2,8,random_forest,0,0.1954197837583011,0.1954197837583011,0.0,,,0.7094489131913387,0,144
NO2,8,random_forest,2,0.1954197837583011,0.2298873759949344,-0.03446759223663329,0.304207604870185,0.1490936442457675,0.7094489131913387,2,144
NO2,8,random_forest,5,0.1954197837583011,0.1514304380185381,0.043989345739763014,0.9764482064106008,0.2259424532232337,0.7094489131913387,5,144
NO2,8,random_forest,10,0.1954197837583011,0.1354087381909408,0.06001104556736031,1.0763566339039474,0.2373637265620974,0.7094489131913387,10,144
NO2,8,random_forest,20,0.1954197837583011,0.141622876839553,0.05379690691874811,0.5307462795316014,0.1749909603185708,0.7094489131913387,20,144
NO2,8,random_forest,50,0.1954197837583011,0.1360110495967326,0.0594087341615685,0.5075224131582388,0.1723360679086879,0.7094489131913387,50,144
NO2,8,xgboost,0,0.1924323096621681,0.1924323096621681,0.0,,,0.644636721766236,0,144
NO2,8,xgboost,2,0.1924323096621681,0.2511949123471471,-0.05876260268497899,0.7637133885392341,0.2063649901810562,0.644636721766236,2,144
NO2,8,xgboost,5,0.1924323096621681,0.1370470291912195,0.055385280470948595,1.102057667932457,0.2459532897021185,0.644636721766236,5,144
NO2,8,xgboost,10,0.1924323096621681,0.1283112465973405,0.0641210630648276,0.9652187754130936,0.2299423227872882,0.644636721766236,10,144
NO2,8,xgboost,20,0.1924323096621681,0.1350114839564117,0.057420825705756406,0.4516827981091585,0.1698555492771555,0.644636721766236,20,144
NO2,8,xgboost,50,0.1924323096621681,0.1299309373205096,0.0625013723416585,0.4502632329733567,0.1696894516860079,0.644636721766236,50,144
NO2,9,pls,0,0.1326317536492991,0.1326317536492991,0.0,,,0.1735628658155477,0,176
NO2,9,pls,2,0.1326317536492991,0.3102090496245264,-0.17757729597522728,1.4869544379911472,0.2810664327960393,0.1735628658155477,2,176
NO2,9,pls,5,0.1326317536492991,0.1337705445550895,-0.0011387909057903878,1.0102489022038643,0.2271909285282232,0.1735628658155477,5,176
NO2,9,pls,10,0.1326317536492991,0.1347747701688564,-0.0021430165195572837,0.999630956360546,0.2259909273877867,0.1735628658155477,10,176
NO2,9,pls,20,0.1326317536492991,0.1329551509777829,-0.00032339732848379876,0.6793849166291436,0.1897978992287865,0.1735628658155477,20,176
NO2,9,pls,50,0.1326317536492991,0.1325700815184918,6.167213080729428e-05,0.2764775441620481,0.1442627916302633,0.1735628658155477,50,176
NO2,9,random_forest,0,0.1718266167249796,0.1718266167249796,0.0,,,0.6170654119133726,0,176
NO2,9,random_forest,2,0.1718266167249796,0.2245147070305058,-0.05268809030552621,2.3561189581344038,0.3566154848494717,0.6170654119133726,2,176
NO2,9,random_forest,5,0.1718266167249796,0.1434312934761752,0.028395323248804394,1.5749764780685056,0.2736126152431843,0.6170654119133726,5,176
NO2,9,random_forest,10,0.1718266167249796,0.1360889683318025,0.035737648393177085,1.3541705548169582,0.2501501538822326,0.6170654119133726,10,176
NO2,9,random_forest,20,0.1718266167249796,0.1352527526076954,0.036573864117284194,1.3205052949577094,0.2465729407032447,0.6170654119133726,20,176
NO2,9,random_forest,50,0.1718266167249796,0.1346533068810138,0.0371733098439658,0.8919270475218478,0.2010329460213411,0.6170654119133726,50,176
NO2,9,xgboost,0,0.172052570540527,0.172052570540527,0.0,,,0.5863146445701771,0,176
NO2,9,xgboost,2,0.172052570540527,0.2389343935995061,-0.0668818230589791,2.477500748695727,0.3771716695156805,0.5863146445701771,2,176
NO2,9,xgboost,5,0.172052570540527,0.1337111501804107,0.03834142036011631,1.364006491113117,0.2564014616915488,0.5863146445701771,5,176
NO2,9,xgboost,10,0.172052570540527,0.1345226513400813,0.03752991920044571,1.2068841567196196,0.2393598857253544,0.5863146445701771,10,176
NO2,9,xgboost,20,0.172052570540527,0.1336585622178666,0.038394008322660406,1.277468290430469,0.2470154802102798,0.5863146445701771,20,176
NO2,9,xgboost,50,0.172052570540527,0.1340642052459018,0.03798836529462521,0.8469104462417063,0.2003169364424156,0.5863146445701771,50,176
NO2,10,pls,0,0.0937224626065149,0.0937224626065149,0.0,,,-0.222252605619192,0,138
NO2,10,pls,2,0.0937224626065149,0.1351097530766782,-0.04138729047016329,0.4969519037283184,0.1803902138850941,-0.222252605619192,2,138
NO2,10,pls,5,0.0937224626065149,0.1175689897325189,-0.023846527126004005,0.1212848852712183,0.1351204536207384,-0.222252605619192,5,138
NO2,10,pls,10,0.0937224626065149,0.097183414615118,-0.0034609520086030937,-0.0963842013785643,0.1088902367385975,-0.222252605619192,10,138
NO2,10,pls,20,0.0937224626065149,0.0954727500011365,-0.0017502873946216024,-0.2445953510929,0.0910300496941532,-0.222252605619192,20,138
NO2,10,pls,50,0.0937224626065149,0.0929039198523657,0.0008185427541492069,-0.3230559918437608,0.0815751488844756,-0.222252605619192,50,138
NO2,10,random_forest,0,0.1856688312052988,0.1856688312052988,0.0,,,0.6384746110715996,0,138
NO2,10,random_forest,2,0.1856688312052988,0.2237133681192048,-0.038044536913905996,2.4246182581653466,0.3880712371258712,0.6384746110715996,2,138
NO2,10,random_forest,5,0.1856688312052988,0.1469107033322237,0.038758127873075116,1.85627261975645,0.3236673887592529,0.6384746110715996,5,138
NO2,10,random_forest,10,0.1856688312052988,0.1057010626207339,0.07996776858456492,1.281005834698234,0.2584792491986812,0.6384746110715996,10,138
NO2,10,random_forest,20,0.1856688312052988,0.105248763934825,0.08042006727047381,1.082440831712436,0.2359782401665438,0.6384746110715996,20,138
NO2,10,random_forest,50,0.1856688312052988,0.1063678641830197,0.07930096702227911,0.7816439808657599,0.2018925122891917,0.6384746110715996,50,138
NO2,10,xgboost,0,0.1992833634394797,0.1992833634394797,0.0,,,0.7386662733623092,0,138
NO2,10,xgboost,2,0.1992833634394797,0.182294233172794,0.016989130266685692,2.520189525765987,0.4034789305957215,0.7386662733623092,2,138
NO2,10,xgboost,5,0.1992833634394797,0.1598183543984246,0.0394650090410551,1.9201622852470817,0.334704693424446,0.7386662733623092,5,138
NO2,10,xgboost,10,0.1992833634394797,0.1113459175950421,0.08793744584443759,1.367002177327863,0.2713022978551635,0.7386662733623092,10,138
NO2,10,xgboost,20,0.1992833634394797,0.1114527070182538,0.0878306564212259,1.154370390761687,0.2469307561451442,0.7386662733623092,20,138
NO2,10,xgboost,50,0.1992833634394797,0.1111457284390029,0.08813763500047679,0.8131960672733085,0.2078258584740861,0.7386662733623092,50,138
NO2,11,pls,0,0.12472404831591,0.12472404831591,0.0,,,0.1035932764997388,0,182
NO2,11,pls,2,0.12472404831591,0.1684231297713966,-0.043699081455486594,0.3753845148359553,0.1554408932477713,0.1035932764997388,2,182
NO2,11,pls,5,0.12472404831591,0.1307318405566843,-0.006007792240774301,-0.0680259734806684,0.1053282726417532,0.1035932764997388,5,182
NO2,11,pls,10,0.12472404831591,0.1333130711682134,-0.008589022852303396,0.2025326739342811,0.1359058146864989,0.1035932764997388,10,182
NO2,11,pls,20,0.12472404831591,0.1247333500916434,-9.30177573339741e-06,0.1900649745956,0.1344967612174184,0.1035932764997388,20,182
NO2,11,pls,50,0.12472404831591,0.1243004175501227,0.00042363076578730285,0.129008510372388,0.1275963844609311,0.1035932764997388,50,182
NO2,11,random_forest,0,0.257063968293055,0.257063968293055,0.0,,,1.4192366683284845,0,182
NO2,11,random_forest,2,0.257063968293055,0.1400433740329466,0.11702059426010841,1.4400249059935584,0.2592728910239159,1.4192366683284845,2,182
NO2,11,random_forest,5,0.257063968293055,0.141449589877826,0.11561437841522901,1.4674626244158155,0.26218837625563,1.4192366683284845,5,182
NO2,11,random_forest,10,0.257063968293055,0.1424550010570036,0.1146089672360514,1.5171074333308363,0.2674635491032965,1.4192366683284845,10,182
NO2,11,random_forest,20,0.257063968293055,0.1339026335515194,0.1231613347415356,1.537877166001196,0.2696705055249341,1.4192366683284845,20,182
NO2,11,random_forest,50,0.257063968293055,0.134192872952653,0.122871095340402,1.6032494746899288,0.2766168557138204,1.4192366683284845,50,182
NO2,11,xgboost,0,0.2591877447290878,0.2591877447290878,0.0,,,1.3896958578716585,0,182
NO2,11,xgboost,2,0.2591877447290878,0.1291192563944747,0.1300684883346131,1.940037036631316,0.3188780557301307,1.3896958578716585,2,182
NO2,11,xgboost,5,0.2591877447290878,0.130694038591691,0.1284937061373968,1.7339724387538489,0.2965281745867055,1.3896958578716585,5,182
NO2,11,xgboost,10,0.2591877447290878,0.1354388573170644,0.12374888741202339,1.604628260796661,0.2824994329507639,1.3896958578716585,10,182
NO2,11,xgboost,20,0.2591877447290878,0.1272682572225721,0.1319194875065157,1.5329443569894892,0.2747245567881943,1.3896958578716585,20,182
NO2,11,xgboost,50,0.2591877447290878,0.1283082097171118,0.130879535011976,1.5752201084258235,0.2793098083529143,1.3896958578716585,50,182
NO2,12,pls,0,0.1783628379858273,0.1783628379858273,0.0,,,0.5142078062638664,0,144
NO2,12,pls,2,0.1783628379858273,0.1512427429038121,0.02712009508201521,1.4885694750588545,0.2931356662277365,0.5142078062638664,2,144
NO2,12,pls,5,0.1783628379858273,0.1388117638503299,0.03955107413549741,0.9951902289704074,0.2350191235896593,0.5142078062638664,5,144
NO2,12,pls,10,0.1783628379858273,0.1367014308503473,0.04166140713548,0.7549393411108053,0.2067192891746028,0.5142078062638664,10,144
NO2,12,pls,20,0.1783628379858273,0.1247243279637367,0.05363851002209061,0.4549220453195309,0.1713793998273145,0.5142078062638664,20,144
NO2,12,pls,50,0.1783628379858273,0.1181631149919182,0.060199722993909105,0.5884289784552614,0.187105560653039,0.5142078062638664,50,144
NO2,12,random_forest,0,0.3532057076496466,0.3532057076496466,0.0,,,2.1860069723190425,0,144
NO2,12,random_forest,2,0.3532057076496466,0.2389322768214699,0.1142734308281767,3.491017024115252,0.4978811596619419,2.1860069723190425,2,144
NO2,12,random_forest,5,0.3532057076496466,0.2055997903491441,0.1476059173005025,3.048139202798356,0.4487830328719973,2.1860069723190425,5,144
NO2,12,random_forest,10,0.3532057076496466,0.1501582437024761,0.2030474639471705,2.8041567497959434,0.4217347571728115,2.1860069723190425,10,144
NO2,12,random_forest,20,0.3532057076496466,0.1410651026062648,0.2121406050433818,2.0619617951415443,0.3394538656209981,2.1860069723190425,20,144
NO2,12,random_forest,50,0.3532057076496466,0.1338674870286384,0.2193382206210082,2.294393698483769,0.3652216293495841,2.1860069723190425,50,144
NO2,12,xgboost,0,0.3475386021906975,0.3475386021906975,0.0,,,2.133984052340929,0,144
NO2,12,xgboost,2,0.3475386021906975,0.3463861363871774,0.0011524658035200752,3.9753533087236144,0.5517345670687428,2.133984052340929,2,144
NO2,12,xgboost,5,0.3475386021906975,0.2264349420281627,0.12110366016253479,3.296072058477522,0.476406661035354,2.133984052340929,5,144
NO2,12,xgboost,10,0.3475386021906975,0.1414102994324117,0.20612830275828578,2.973969759477634,0.4406875951794779,2.133984052340929,10,144
NO2,12,xgboost,20,0.3475386021906975,0.1416658590186626,0.20587274317203488,2.124113487905582,0.3464440203072538,2.133984052340929,20,144
NO2,12,xgboost,50,0.3475386021906975,0.1346886189057596,0.2128499832849379,2.28361521419807,0.3641317322026889,2.133984052340929,50,144
NO2,13,pls,0,0.1441185089478762,0.1441185089478762,0.0,,,0.1840211465644641,0,194
NO2,13,pls,2,0.1441185089478762,0.1463868892496823,-0.0022683803018060944,-0.3108898551833451,0.0838781696255998,0.1840211465644641,2,194
NO2,13,pls,5,0.1441185089478762,0.1289604323791535,0.0151580765687227,0.4025961221850088,0.1707233543690523,0.1840211465644641,5,194
NO2,13,pls,10,0.1441185089478762,0.1283496289793824,0.0157688799684938,0.4991193387461609,0.1824721158586672,0.1840211465644641,10,194
NO2,13,pls,20,0.1441185089478762,0.1259144810982669,0.01820402784960931,0.2935179028750457,0.1574464037239944,0.1840211465644641,20,194
NO2,13,pls,50,0.1441185089478762,0.1259450791140638,0.0181734298338124,0.1733775244797459,0.1428229721670466,0.1840211465644641,50,194
NO2,13,random_forest,0,0.2511566141493447,0.2511566141493447,0.0,,,1.1970109312444468,0,194
NO2,13,random_forest,2,0.2511566141493447,0.1496272314649639,0.1015293826843808,1.3386208624033886,0.2673450956602928,1.1970109312444468,2,194
NO2,13,random_forest,5,0.2511566141493447,0.1450768649790781,0.10607974917026661,1.7037791123892054,0.3090890434899878,1.1970109312444468,5,194
NO2,13,random_forest,10,0.2511566141493447,0.1475473947373489,0.1036092194119958,2.173115302204411,0.3627423442794256,1.1970109312444468,10,194
NO2,13,random_forest,20,0.2511566141493447,0.1451846118800237,0.10597200226932099,1.7419702253551002,0.3134549528656303,1.1970109312444468,20,194
NO2,13,random_forest,50,0.2511566141493447,0.1438637178989186,0.1072928962504261,1.4465470774828004,0.2796829417637463,1.1970109312444468,50,194
NO2,13,xgboost,0,0.2589187062140269,0.2589187062140269,0.0,,,1.2128675425627298,0,194
NO2,13,xgboost,2,0.2589187062140269,0.1460071759695413,0.11291153024448561,1.8225743178035183,0.3302580369145206,1.2128675425627298,2,194
NO2,13,xgboost,5,0.2589187062140269,0.146210969525029,0.11270773668899792,2.09329242996202,0.361933671357424,1.2128675425627298,5,194
NO2,13,xgboost,10,0.2589187062140269,0.152056066268358,0.10686263994566891,2.249908316903585,0.3802586646249878,1.2128675425627298,10,194
NO2,13,xgboost,20,0.2589187062140269,0.1491883623211711,0.1097303438928558,1.8561854070795016,0.3341907349103994,1.2128675425627298,20,194
NO2,13,xgboost,50,0.2589187062140269,0.1465207133192482,0.1123979928947787,1.528214967310279,0.2958162365239533,1.2128675425627298,50,194
NOx,4,pls,0,0.0957299318508368,0.0957299318508368,0.0,,,0.221357781834066,0,197
NOx,4,pls,2,0.0957299318508368,0.1739839180094591,-0.0782539861586223,2.233685125009024,0.2534559989287689,0.221357781834066,2,197
NOx,4,pls,5,0.0957299318508368,0.1350406996928161,-0.0393107678419793,1.3352129290905252,0.1830338152210672,0.221357781834066,5,197
NOx,4,pls,10,0.0957299318508368,0.103201293078689,-0.007471361227852205,0.8545539416404034,0.1453597996324526,0.221357781834066,10,197
NOx,4,pls,20,0.0957299318508368,0.0973303126282922,-0.001600380777455404,0.8282219472442381,0.1432958998755311,0.221357781834066,20,197
NOx,4,pls,50,0.0957299318508368,0.0957094896900377,2.044216079909178e-05,0.3279012331950141,0.1040807996224577,0.221357781834066,50,197
NOx,4,random_forest,0,0.0902620850209509,0.0902620850209509,0.0,,,0.243178414412794,0,197
NOx,4,random_forest,2,0.0902620850209509,0.1999680437266542,-0.1097059587057033,2.194808353571501,0.2319619291104927,0.243178414412794,2,197
NOx,4,random_forest,5,0.0902620850209509,0.1296327022579627,-0.039370617237011796,1.2337365540405234,0.1621824481648889,0.243178414412794,5,197
NOx,4,random_forest,10,0.0902620850209509,0.1037563060226428,-0.013494221001691897,0.7744170220455753,0.1288331411241177,0.243178414412794,10,197
NOx,4,random_forest,20,0.0902620850209509,0.1036815110314328,-0.013419426010481905,0.7162085986434022,0.1246068662780054,0.243178414412794,20,197
NOx,4,random_forest,50,0.0902620850209509,0.0959894917437488,-0.005727406722797895,0.2559364090419518,0.0911883906763285,0.243178414412794,50,197
NOx,4,xgboost,0,0.090485713534672,0.090485713534672,0.0,,,0.2224700226823718,0,197
NOx,4,xgboost,2,0.090485713534672,0.18959510577009,-0.09910939223541801,1.96546748581562,0.219500222041531,0.2224700226823718,2,197
NOx,4,xgboost,5,0.090485713534672,0.1286064678502688,-0.038120754315596805,1.0719139261738613,0.1533604967923022,0.2224700226823718,5,197
NOx,4,xgboost,10,0.090485713534672,0.1087304215209661,-0.0182447079862941,0.6732145391632576,0.1238492631014092,0.2224700226823718,10,197
NOx,4,xgboost,20,0.090485713534672,0.1088473123368767,-0.0183615988022047,0.794366380505911,0.1328167720026705,0.2224700226823718,20,197
NOx,4,xgboost,50,0.090485713534672,0.0979161665925486,-0.00743045305787661,0.2795981137948771,0.0947142639214097,0.2224700226823718,50,197
NOx,5,pls,0,0.099780434341423,0.099780434341423,0.0,,,0.2730355866916331,0,198
NOx,5,pls,2,0.099780434341423,0.2312893345699436,-0.1315089002285206,2.864034626785851,0.3028627458663365,0.2730355866916331,2,198
NOx,5,pls,5,0.099780434341423,0.1954674695114716,-0.09568703517004859,1.8694208921788804,0.2249049955265041,0.2730355866916331,5,198
NOx,5,pls,10,0.099780434341423,0.1224732251076909,-0.0226927907662679,1.1388959814930488,0.1676465075097679,0.2730355866916331,10,198
NOx,5,pls,20,0.099780434341423,0.0954206445593665,0.004359789782056506,0.9600967705112652,0.1536322386879273,0.2730355866916331,20,198
NOx,5,pls,50,0.099780434341423,0.0955136188941333,0.0042668154472896985,0.6184125598446458,0.1268510557388131,0.2730355866916331,50,198
NOx,5,random_forest,0,0.0919113527270852,0.0919113527270852,0.0,,,0.2658937550940818,0,198
NOx,5,random_forest,2,0.0919113527270852,0.1803792666042074,-0.08846791387712219,1.8630425016818035,0.2078737715434545,0.2658937550940818,2,198
NOx,5,random_forest,5,0.0919113527270852,0.169989364348085,-0.07807801162099981,1.326985206200224,0.1689528502823546,0.2658937550940818,5,198
NOx,5,random_forest,10,0.0919113527270852,0.1091678948086081,-0.0172565420815229,0.8623768197957106,0.1352195412183459,0.2658937550940818,10,198
NOx,5,random_forest,20,0.0919113527270852,0.0906434254864688,0.0012679272406164038,1.1581276447757605,0.1566927954189305,0.2658937550940818,20,198
NOx,5,random_forest,50,0.0919113527270852,0.0899385272908226,0.001972825436262593,0.6442457958685639,0.1193819423675654,0.2658937550940818,50,198
NOx,5,xgboost,0,0.0963315106573193,0.0963315106573193,0.0,,,0.3014472607673755,0,198
NOx,5,xgboost,2,0.0963315106573193,0.1645702170372396,-0.06823870637992029,1.3938709067777555,0.1771913528271101,0.3014472607673755,2,198
NOx,5,xgboost,5,0.0963315106573193,0.1677758753046335,-0.0714443646473142,1.2607984191835642,0.1673414924883075,0.3014472607673755,5,198
NOx,5,xgboost,10,0.0963315106573193,0.1151033072574567,-0.01877179660013739,0.7550220712163495,0.1299045550701169,0.3014472607673755,10,198
NOx,5,xgboost,20,0.0963315106573193,0.0975780633408348,-0.0012465526835154922,1.18534007346506,0.1617561594103619,0.3014472607673755,20,198
NOx,5,xgboost,50,0.0963315106573193,0.0951695963333486,0.0011619143239707114,0.6424576113315327,0.1215726734842001,0.3014472607673755,50,198
NOx,6,pls,0,0.1016509067851692,0.1016509067851692,0.0,,,0.2968997640780252,0,107
NOx,6,pls,2,0.1016509067851692,0.1095836298538847,-0.007932723068715494,2.13155679511197,0.2454511880482066,0.2968997640780252,2,107
NOx,6,pls,5,0.1016509067851692,0.1090538491708332,-0.007402942385663996,1.1178238377262242,0.1659948744528925,0.2968997640780252,5,107
NOx,6,pls,10,0.1016509067851692,0.105903569993732,-0.004252663208562796,0.5150307868405698,0.1187480000810047,0.2968997640780252,10,107
NOx,6,pls,20,0.1016509067851692,0.1020689535463315,-0.0004180467611622912,0.4988587059434576,0.1174804335864088,0.2968997640780252,20,107
NOx,6,pls,50,0.1016509067851692,0.0988898967665264,0.002761010018642804,0.3579763080291838,0.1064380817449497,0.2968997640780252,50,107
NOx,6,random_forest,0,0.0976632736567326,0.0976632736567326,0.0,,,0.3451148803260883,0,107
NOx,6,random_forest,2,0.0976632736567326,0.0987275404085647,-0.0010642667518321047,1.0668185926193874,0.1500632197012618,0.3451148803260883,2,107
NOx,6,random_forest,5,0.0976632736567326,0.1004304645189997,-0.0027671908622671076,0.4754759097442427,0.1071282532480313,0.3451148803260883,5,107
NOx,6,random_forest,10,0.0976632736567326,0.0974278038192116,0.00023546983752099904,0.1280724564713651,0.0819047135916579,0.3451148803260883,10,107
NOx,6,random_forest,20,0.0976632736567326,0.0975563091707412,0.00010696448599138708,0.4490672397008335,0.1052108280473417,0.3451148803260883,20,107
NOx,6,random_forest,50,0.0976632736567326,0.0949872919596594,0.0026759816970731987,0.3056764070575282,0.094799807893498,0.3451148803260883,50,107
NOx,6,xgboost,0,0.0989270602247858,0.0989270602247858,0.0,,,0.3365133658426053,0,107
NOx,6,xgboost,2,0.0989270602247858,0.1139917663626291,-0.015064706137843303,1.5096015221456938,0.1857575893114999,0.3365133658426053,2,107
NOx,6,xgboost,5,0.0989270602247858,0.1109368869431711,-0.012009826718385297,0.7576994246522323,0.1301027294478401,0.3365133658426053,5,107
NOx,6,xgboost,10,0.0989270602247858,0.1068856804558616,-0.007958620231075797,0.3047046909094477,0.0965726215927417,0.3365133658426053,10,107
NOx,6,xgboost,20,0.0989270602247858,0.1041943870549912,-0.005267326830205407,0.4991920121285198,0.1109683316775911,0.3365133658426053,20,107
NOx,6,xgboost,50,0.0989270602247858,0.0988785695080591,4.849071672670402e-05,0.2501556715779438,0.0925349708976373,0.3365133658426053,50,107
NOx,7,pls,0,0.321197698232573,0.321197698232573,0.0,,,3.008320458196484,0,107
NOx,7,pls,2,0.321197698232573,0.1506651761653427,0.1705325220672303,3.197326087229401,0.3363432370265664,3.008320458196484,2,107
NOx,7,pls,5,0.321197698232573,0.142356516844875,0.178841181387698,2.9237421261334458,0.3144202048005181,3.008320458196484,5,107
NOx,7,pls,10,0.321197698232573,0.1238541553141081,0.1973435429184649,3.432132117833411,0.3551588874586354,3.008320458196484,10,107
NOx,7,pls,20,0.321197698232573,0.1236682926244556,0.19752940560811738,3.483447792647703,0.3592709530495732,3.008320458196484,20,107
NOx,7,pls,50,0.321197698232573,0.1248230751584567,0.1963746230741163,2.858039563621717,0.3091552784886522,3.008320458196484,50,107
NOx,7,random_forest,0,0.2928973370025678,0.2928973370025678,0.0,,,2.961369193124552,0,107
NOx,7,random_forest,2,0.2928973370025678,0.1660446119679955,0.12685272503457232,2.7765793495111484,0.279234269901065,2.961369193124552,2,107
NOx,7,random_forest,5,0.2928973370025678,0.1384760270956467,0.15442130990692113,2.736619587132887,0.2762797086326626,2.961369193124552,5,107
NOx,7,random_forest,10,0.2928973370025678,0.1224237233627369,0.17047361363983093,3.13276236180167,0.3055698752686525,2.961369193124552,10,107
NOx,7,random_forest,20,0.2928973370025678,0.122384160782827,0.17051317621974083,3.216526294066119,0.3117632471815009,2.961369193124552,20,107
NOx,7,random_forest,50,0.2928973370025678,0.1235172406925277,0.1693800963100401,2.686606799360282,0.2725818426574097,2.961369193124552,50,107
NOx,7,xgboost,0,0.2960575982009445,0.2960575982009445,0.0,,,2.824819100660505,0,107
NOx,7,xgboost,2,0.2960575982009445,0.1429544474876937,0.1531031507132508,3.546954066882797,0.3519539786702254,2.824819100660505,2,107
NOx,7,xgboost,5,0.2960575982009445,0.1338413572326006,0.16221624096834392,2.957912553236507,0.3063596090592145,2.824819100660505,5,107
NOx,7,xgboost,10,0.2960575982009445,0.1302444233476677,0.16581317485327682,3.207109836968541,0.3256485603424699,2.824819100660505,10,107
NOx,7,xgboost,20,0.2960575982009445,0.1390194371548462,0.15703816104609833,3.2986906681172368,0.332737314136459,2.824819100660505,20,107
NOx,7,xgboost,50,0.2960575982009445,0.1277952229315822,0.16826237526936233,2.627064225195584,0.2807505125788923,2.824819100660505,50,107
NOx,8,pls,0,0.3499082047556124,0.3499082047556124,0.0,,,3.126631381378548,0,105
NOx,8,pls,2,0.3499082047556124,0.2448335154194047,0.1050746893362077,5.134168689860228,0.5201327076662834,3.126631381378548,2,105
NOx,8,pls,5,0.3499082047556124,0.1542114940577017,0.1956967106979107,3.7762697985692415,0.4049927982875738,3.126631381378548,5,105
NOx,8,pls,10,0.3499082047556124,0.1455238103598089,0.2043843943958035,3.691583063292212,0.3978119815950248,3.126631381378548,10,105
NOx,8,pls,20,0.3499082047556124,0.1422057899834263,0.2077024147721861,3.343696900324917,0.3683137755540142,3.126631381378548,20,105
NOx,8,pls,50,0.3499082047556124,0.1415447551469001,0.2083634496087123,2.929455904067889,0.3331891642328906,3.126631381378548,50,105
NOx,8,random_forest,0,0.3212485860048769,0.3212485860048769,0.0,,,3.116448052483141,0,105
NOx,8,random_forest,2,0.3212485860048769,0.1777725566655729,0.14347602933930398,4.811904014804951,0.4535623729360311,3.116448052483141,2,105
NOx,8,random_forest,5,0.3212485860048769,0.1445874762305388,0.17666110977433808,3.550909089232127,0.3551540287434613,3.116448052483141,5,105
NOx,8,random_forest,10,0.3212485860048769,0.1397734485111637,0.1814751374937132,3.4860539722884702,0.3500927199773364,3.116448052483141,10,105
NOx,8,random_forest,20,0.3212485860048769,0.1336913813276325,0.18755720467724438,3.2965015625008918,0.3353000047914022,3.116448052483141,20,105
NOx,8,random_forest,50,0.3212485860048769,0.1330544013448316,0.18819418466004528,2.894066075513582,0.3038938435804351,3.116448052483141,50,105
NOx,8,xgboost,0,0.331020801748334,0.331020801748334,0.0,,,3.08898704196329,0,105
NOx,8,xgboost,2,0.331020801748334,0.1845022823788004,0.14651851936953358,4.671048879003823,0.459095401236708,3.08898704196329,2,105
NOx,8,xgboost,5,0.331020801748334,0.1465730663390011,0.18444773540933287,3.51297475094728,0.3653444007030356,3.08898704196329,5,105
NOx,8,xgboost,10,0.331020801748334,0.1428995150922618,0.1881212866560722,3.412234342263097,0.3571890383825227,3.08898704196329,10,105
NOx,8,xgboost,20,0.331020801748334,0.1375149597852388,0.19350584196309517,3.2811707098565672,0.3465788828026636,3.08898704196329,20,105
NOx,8,xgboost,50,0.331020801748334,0.1371757115705817,0.19384509017775228,2.8717756515316317,0.3134366206610212,3.08898704196329,50,105
NOx,9,pls,0,0.4198521114588329,0.4198521114588329,0.0,,,4.356628106125896,0,125
NOx,9,pls,2,0.4198521114588329,0.3426269236242018,0.07722518783463111,7.526533676039738,0.6683090736159443,4.356628106125896,2,125
NOx,9,pls,5,0.4198521114588329,0.2209353686076883,0.19891674285114458,6.202833975812489,0.564557589834148,4.356628106125896,5,125
NOx,9,pls,10,0.4198521114588329,0.1588374531393632,0.2610146583194697,5.569667584860115,0.5149300553330858,4.356628106125896,10,125
NOx,9,pls,20,0.4198521114588329,0.1506378184489391,0.2692142930098938,4.477990274498684,0.4293644691646563,4.356628106125896,20,125
NOx,9,pls,50,0.4198521114588329,0.149898293670142,0.2699538177886909,4.273351788056797,0.4133249198593555,4.356628106125896,50,125
NOx,9,random_forest,0,0.3948734600821519,0.3948734600821519,0.0,,,4.438586554749755,0,125
NOx,9,random_forest,2,0.3948734600821519,0.3592890096259853,0.035584450456166594,8.053556350780426,0.6573415879828548,4.438586554749755,2,125
NOx,9,random_forest,5,0.3948734600821519,0.2326040586315085,0.16226940145064342,6.629523559586569,0.5539484085476446,4.438586554749755,5,125
NOx,9,random_forest,10,0.3948734600821519,0.1661409981040454,0.2287324619781065,6.092337603832376,0.5149455398940342,4.438586554749755,10,125
NOx,9,random_forest,20,0.3948734600821519,0.1374059014853084,0.2574675585968435,4.641813082531039,0.4096289046076035,4.438586554749755,20,125
NOx,9,random_forest,50,0.3948734600821519,0.1368078753079161,0.2580655847742358,4.393089718581313,0.3915701214408033,4.438586554749755,50,125
NOx,9,xgboost,0,0.3949161559939855,0.3949161559939855,0.0,,,4.335352325984757,0,125
NOx,9,xgboost,2,0.3949161559939855,0.4489049744499884,-0.053988818456002896,8.12232028972341,0.6752228236208524,4.335352325984757,2,125
NOx,9,xgboost,5,0.3949161559939855,0.2624256798744399,0.13249047611954562,6.629825790038447,0.5647502335002058,4.335352325984757,5,125
NOx,9,xgboost,10,0.3949161559939855,0.1510981041969447,0.2438180517970408,5.927456609348813,0.5127617386494183,4.335352325984757,10,125
NOx,9,xgboost,20,0.3949161559939855,0.1441945259154236,0.2507216300785619,4.620937606814295,0.4160548239624309,4.335352325984757,20,125
NOx,9,xgboost,50,0.3949161559939855,0.14324832346384,0.25166783253014546,4.326775871172452,0.3942813374553792,4.335352325984757,50,125
NOx,10,pls,0,0.4585298388959065,0.4585298388959065,0.0,,,4.457524138858356,0,110
NOx,10,pls,2,0.4585298388959065,0.5893398205830139,-0.13080998168710745,7.698827381445695,0.7308574027914374,4.457524138858356,2,110
NOx,10,pls,5,0.4585298388959065,0.3662113090015919,0.0923185298943146,6.472582597168913,0.6278308638196834,4.457524138858356,5,110
NOx,10,pls,10,0.4585298388959065,0.1683847783732633,0.2901450605226432,5.982172944140382,0.5866276637101171,4.457524138858356,10,110
NOx,10,pls,20,0.4585298388959065,0.1559976028588349,0.3025322360370716,5.67617159989875,0.5609180665545107,4.457524138858356,20,110
NOx,10,pls,50,0.4585298388959065,0.1565212564754252,0.3020085824204813,4.548056671686271,0.4661361942021251,4.457524138858356,50,110
NOx,10,random_forest,0,0.4230235481031335,0.4230235481031335,0.0,,,4.4565490189177615,0,110
NOx,10,random_forest,2,0.4230235481031335,0.2811329239019282,0.1418906242012053,7.254807681618105,0.639960902445935,4.4565490189177615,2,110
NOx,10,random_forest,5,0.4230235481031335,0.1951331256295853,0.22789042247354818,5.976589789551152,0.5408659862129064,4.4565490189177615,5,110
NOx,10,random_forest,10,0.4230235481031335,0.1414404605178932,0.2815830875852403,5.751935775926739,0.5234494950186501,4.4565490189177615,10,110
NOx,10,random_forest,20,0.4230235481031335,0.1302802487907992,0.2927432993123343,5.552149190553627,0.5079608720969219,4.4565490189177615,20,110
NOx,10,random_forest,50,0.4230235481031335,0.1197518306777686,0.30327171742536485,4.398340616323521,0.4185108927765779,4.4565490189177615,50,110
NOx,10,xgboost,0,0.4262639961364408,0.4262639961364408,0.0,,,4.412986788137454,0,110
NOx,10,xgboost,2,0.4262639961364408,0.2247635807432551,0.2015004153931857,6.701558778920791,0.60648535643518,4.412986788137454,2,110
NOx,10,xgboost,5,0.4262639961364408,0.195856416541772,0.2304075795946688,5.668988654020828,0.5251721212550122,4.412986788137454,5,110
NOx,10,xgboost,10,0.4262639961364408,0.1742964918299042,0.2519675043065366,5.60148239769229,0.5198561122357633,4.412986788137454,10,110
NOx,10,xgboost,20,0.4262639961364408,0.1790870032103395,0.2471769929261013,5.619644264221625,0.5212863299893069,4.412986788137454,20,110
NOx,10,xgboost,50,0.4262639961364408,0.1433105083976535,0.28295348773878726,4.423800629689829,0.4271155687513608,4.412986788137454,50,110
NOx,11,pls,0,0.3946415121166926,0.3946415121166926,0.0,,,3.96559958767065,0,142
NOx,11,pls,2,0.3946415121166926,0.1291917043181127,0.26544980779857996,4.901552878915048,0.4690264913333823,3.96559958767065,2,142
NOx,11,pls,5,0.3946415121166926,0.1114115144175358,0.2832299976991568,4.156686210907777,0.4098281401579092,3.96559958767065,5,142
NOx,11,pls,10,0.3946415121166926,0.1118371711781774,0.28280434093851525,4.239882662937569,0.4164401863070395,3.96559958767065,10,142
NOx,11,pls,20,0.3946415121166926,0.1122473151064431,0.28239419701024954,4.150148447607953,0.4093085507812486,3.96559958767065,20,142
NOx,11,pls,50,0.3946415121166926,0.1111967297790264,0.28344478233766623,4.205609576288878,0.4137163293988971,3.96559958767065,50,142
NOx,11,random_forest,0,0.3584895278671328,0.3584895278671328,0.0,,,3.90960172232698,0,142
NOx,11,random_forest,2,0.3584895278671328,0.1881782468521715,0.1703112810149613,4.654233113412485,0.4128610575599259,3.90960172232698,2,142
NOx,11,random_forest,5,0.3584895278671328,0.1185749805427706,0.23991454732436218,3.980721616212496,0.3636825636005681,3.90960172232698,5,142
NOx,11,random_forest,10,0.3584895278671328,0.106358502576093,0.2521310252910398,4.205569997540316,0.3801005532100582,3.90960172232698,10,142
NOx,11,random_forest,20,0.3584895278671328,0.1075462625378309,0.2509432653293019,4.227370094354892,0.3816923536974532,3.90960172232698,20,142
NOx,11,random_forest,50,0.3584895278671328,0.110771049118135,0.24771847874899777,4.297530612534809,0.3868153376908087,3.90960172232698,50,142
NOx,11,xgboost,0,0.3562231676292494,0.3562231676292494,0.0,,,3.6351345669699775,0,142
NOx,11,xgboost,2,0.3562231676292494,0.2031181574553235,0.1531050101739259,3.897950359983015,0.3764213027507715,3.6351345669699775,2,142
NOx,11,xgboost,5,0.3562231676292494,0.1418604760126543,0.21436269161659507,3.421064647348257,0.3397712903946177,3.6351345669699775,5,142
NOx,11,xgboost,10,0.3562231676292494,0.1176721109476643,0.23855105668158508,3.880970649113536,0.3751163640690649,3.6351345669699775,10,142
NOx,11,xgboost,20,0.3562231676292494,0.1173670758454999,0.2388560917837495,3.883785885598338,0.3753327229349731,3.6351345669699775,20,142
NOx,11,xgboost,50,0.3562231676292494,0.1192654882157598,0.23695767941348958,3.98444609930707,0.3830687443305724,3.6351345669699775,50,142
NOx,12,pls,0,0.4148734594331006,0.4148734594331006,0.0,,,4.056813740347805,0,159
NOx,12,pls,2,0.4148734594331006,0.2259776588102116,0.18889580062288902,6.43871436788158,0.610290456006687,4.056813740347805,2,159
NOx,12,pls,5,0.4148734594331006,0.171401794250723,0.24347166518237762,5.166074874338979,0.505879976125952,4.056813740347805,5,159
NOx,12,pls,10,0.4148734594331006,0.1530630621769279,0.2618103972561727,4.726754981466097,0.4698370896142935,4.056813740347805,10,159
NOx,12,pls,20,0.4148734594331006,0.1497910113025183,0.26508244813058235,4.658740846699178,0.4642570424086868,4.056813740347805,20,159
NOx,12,pls,50,0.4148734594331006,0.1530086326742059,0.2618648267588947,4.434131688994624,0.445829553665383,4.056813740347805,50,159
NOx,12,random_forest,0,0.3796635416854557,0.3796635416854557,0.0,,,4.011940860629852,0,159
NOx,12,random_forest,2,0.3796635416854557,0.4195450396843639,-0.03988149799890822,7.230381765832005,0.6234662334476316,4.011940860629852,2,159
NOx,12,random_forest,5,0.3796635416854557,0.199767615691485,0.1798959259939707,5.50886397905689,0.4930581623676767,4.011940860629852,5,159
NOx,12,random_forest,10,0.3796635416854557,0.1663358256278878,0.2133277160575679,4.866957077383551,0.4444325591336014,4.011940860629852,10,159
NOx,12,random_forest,20,0.3796635416854557,0.1645444498933957,0.21511909179205999,4.697696140700089,0.4316107385101702,4.011940860629852,20,159
NOx,12,random_forest,50,0.3796635416854557,0.1708825205008511,0.2087810211846046,4.4823171313149786,0.4152953908670658,4.011940860629852,50,159
NOx,12,xgboost,0,0.3870422533581194,0.3870422533581194,0.0,,,3.962817030935015,0,159
NOx,12,xgboost,2,0.3870422533581194,0.3177701711387805,0.06927208221933895,6.662018849026231,0.5975487353481537,3.962817030935015,2,159
NOx,12,xgboost,5,0.3870422533581194,0.1923136181973102,0.19472863516080924,5.040091224629392,0.4710571644082388,3.962817030935015,5,159
NOx,12,xgboost,10,0.3870422533581194,0.1715323607110243,0.21550989264709514,4.611090572585568,0.4376000818633558,3.962817030935015,10,159
NOx,12,xgboost,20,0.3870422533581194,0.1724180664243406,0.21462418693377883,4.5868123728279295,0.4357066634513727,3.962817030935015,20,159
NOx,12,xgboost,50,0.3870422533581194,0.1756598689114519,0.21138238444666752,4.378315503102884,0.419446322243248,3.962817030935015,50,159
NOx,13,pls,0,0.35562241604763,0.35562241604763,0.0,,,3.253642676258324,0,174
NOx,13,pls,2,0.35562241604763,0.1649244092435422,0.1906980068040878,6.154142628026515,0.598116409807626,3.253642676258324,2,174
NOx,13,pls,5,0.35562241604763,0.1520203024107622,0.2036021136368678,5.275049815893311,0.5246205537673831,3.253642676258324,5,174
NOx,13,pls,10,0.35562241604763,0.1242791533272636,0.23134326272036643,4.972577051339455,0.4993325586286218,3.253642676258324,10,174
NOx,13,pls,20,0.35562241604763,0.1081399966400395,0.24748241940759053,4.845007553630565,0.4886672121380876,3.253642676258324,20,174
NOx,13,pls,50,0.35562241604763,0.1069566459796101,0.2486657700680199,4.0507991597046775,0.4222680504337772,3.253642676258324,50,174
NOx,13,random_forest,0,0.3219926180879939,0.3219926180879939,0.0,,,3.1726214847652643,0,174
NOx,13,random_forest,2,0.3219926180879939,0.1159043295546888,0.2060882885333051,5.926485517064797,0.5345026415483103,3.1726214847652643,2,174
NOx,13,random_forest,5,0.3219926180879939,0.13506015387034,0.1869324642176539,5.287853640391553,0.4852207331089123,3.1726214847652643,5,174
NOx,13,random_forest,10,0.3219926180879939,0.1098371995184179,0.21215541856957598,5.206627716003783,0.4789526955824491,3.1726214847652643,10,174
NOx,13,random_forest,20,0.3219926180879939,0.1007264573737889,0.22126616071420502,4.813166057889814,0.4485900686641133,3.1726214847652643,20,174
NOx,13,random_forest,50,0.3219926180879939,0.0998321708266623,0.2221604472613316,4.052355150269197,0.3898798556938977,3.1726214847652643,50,174
NOx,13,xgboost,0,0.3319397410356828,0.3319397410356828,0.0,,,3.2390691916736287,0,174
NOx,13,xgboost,2,0.3319397410356828,0.134828911575529,0.1971108294601538,5.855302403145336,0.5368035296264997,3.2390691916736287,2,174
NOx,13,xgboost,5,0.3319397410356828,0.1304241311364932,0.2015156098991896,5.377380419922997,0.4993799132208779,3.2390691916736287,5,174
NOx,13,xgboost,10,0.3319397410356828,0.1202597927812149,0.2116799482544679,5.28070639494044,0.4918098667397734,3.2390691916736287,10,174
NOx,13,xgboost,20,0.3319397410356828,0.1101772296995157,0.2217625113361671,4.904487006915149,0.4623500583273486,3.2390691916736287,20,174
NOx,13,xgboost,50,0.3319397410356828,0.1106609561579268,0.22127878487775599,4.126344821241727,0.40141773948039,3.2390691916736287,50,174
